Ranking,UserID,OutDegree,InDegree
1,6738,6,3
2,457,6,6
3,585,6,6
4,946,6,6
5,1358,6,6
6,1252,6,6
7,19504,6,1
8,1410,6,6
9,1538,6,6
10,1972,6,6
11,1905,6,6
12,6729,6,2
13,2508,6,2
14,32300,6,1
15,1153,5,5
16,1068,5,5
17,136,5,5
18,6713,5,1
19,125,5,5
20,222,5,5
21,239,5,5
22,325,5,5
23,346,5,5
24,1176,5,5
25,7154,5,2
26,501,5,5
27,516,5,5
28,8153,5,3
29,3484,5,3
30,768,5,5
31,2082,5,5
32,745,5,5
33,723,5,5
34,727,5,5
35,988,5,5
36,21744,5,3
37,1022,5,5
38,1416,5,5
39,1444,5,5
40,1546,5,5
41,1558,5,5
42,1822,5,5
43,1850,5,5
44,1917,5,5
45,2053,5,5
46,2109,5,5
47,2289,5,5
48,2414,5,2
49,3339,5,2
50,24236,5,2
51,6790,5,3
52,6793,5,3
53,458,5,5
54,1368,5,5
55,3,4,4
56,386,4,4
57,470,4,4
58,10,4,4
59,119,4,4
60,13,4,4
61,17,4,4
62,30,4,4
63,2203,4,4
64,36,4,4
65,1198,4,4
66,1641587,4,1
67,1641355,4,1
68,46,4,4
69,27343,4,1
70,35886,4,1
71,53,4,4
72,58,4,4
73,1070,4,4
74,339,4,4
75,65,4,4
76,70,4,4
77,454,4,4
78,104,4,4
79,86,4,4
80,6760,4,3
81,120,4,4
82,356,4,4
83,145,4,4
84,147,4,4
85,303,4,4
86,179,4,4
87,460,4,4
88,190,4,4
89,373,4,4
90,211,4,4
91,208,4,4
92,230,4,4
93,273,4,4
94,245,4,4
95,258,4,4
96,263,4,4
97,268,4,4
98,1919,4,4
99,42582,4,4
100,282,4,4
101,285,4,4
102,293,4,4
103,35863,4,1
104,323,4,4
105,12176,4,1
106,42082,4,1
107,362,4,4
108,377,4,4
109,7162,4,2
110,407,4,4
111,413,4,4
112,7757,4,3
113,35747,4,1
114,428,4,4
115,439,4,4
116,33468,4,1
117,2647,4,1
118,2652,4,1
119,464,4,4
120,20718,4,1
121,478,4,4
122,484,4,4
123,5809,4,1
124,5951,4,3
125,7131,4,1
126,7145,4,2
127,505,4,4
128,511,4,4
129,6681,4,1
130,5890,4,1
131,36200,4,2
132,528,4,4
133,5418,4,1
134,538,4,4
135,544,4,4
136,554,4,4
137,560,4,4
138,36207,4,4
139,566,4,4
140,597,4,4
141,3470,4,2
142,664,4,4
143,604,4,4
144,672,4,4
145,661,4,4
146,37031,4,2
147,639,4,4
148,12608,4,1
149,654,4,4
150,657,4,4
151,667,4,4
152,713,4,4
153,738,4,4
154,1016,4,4
155,687,4,4
156,709,4,4
157,109346,4,3
158,747,4,4
159,41823,4,3
160,732,4,4
161,901,4,4
162,892,4,4
163,7875,4,2
164,7823,4,3
165,760,4,4
166,848,4,4
167,781,4,4
168,837,4,4
169,874,4,4
170,109364,4,2
171,862,4,4
172,965,4,4
173,805,4,4
174,2195,4,4
175,36188,4,4
176,37036,4,2
177,863,4,4
178,42662,4,2
179,879,4,4
180,1137,4,4
181,2196,4,4
182,907,4,4
183,978,4,4
184,915,4,4
185,924,4,4
186,930,4,4
187,41976,4,3
188,936,4,4
189,21553,4,1
190,23187,4,1
191,975,4,4
192,996,4,4
193,1131,4,4
194,1029,4,4
195,1044,4,4
196,41991,4,4
197,1060,4,4
198,1548998,4,2
199,1081,4,4
200,1133,4,4
201,1125,4,4
202,1113,4,4
203,5895,4,2
204,37059,4,3
205,1168,4,4
206,2272,4,4
207,16461,4,1
208,1222,4,4
209,1203,4,4
210,1207,4,4
211,1211,4,4
212,1267,4,4
213,1619296,4,1
214,1352,5,5
215,1238,4,4
216,1316,4,4
217,1371,4,4
218,1348,4,4
219,34540,4,2
220,1279,4,4
221,1325,4,4
222,1330,4,4
223,1393,4,4
224,1377,4,4
225,1378,4,4
226,1588,4,4
227,1475,4,4
228,1603388,4,2
229,1399,4,4
230,1407,4,4
231,34600,4,1
232,1445,4,4
233,37139,4,2
234,1437,4,4
235,1460,4,4
236,1502,4,4
237,1482,4,4
238,1470,4,4
239,1875,4,4
240,1664,4,4
241,24668,4,1
242,1518,4,4
243,34210,4,2
244,1566,4,4
245,1615,4,4
246,25358,4,1
247,1597,4,4
248,1606,4,4
249,1636,4,4
250,1845,4,4
251,1617,4,4
252,1760,4,4
253,1656,4,4
254,1669,4,4
255,1684,4,4
256,1694,4,4
257,1700,4,4
258,34691,4,2
259,1753,4,4
260,1756,4,4
261,1769,4,4
262,1774,4,4
263,10097,4,3
264,1804,4,4
265,26126,4,2
266,1864,4,4
267,1969,4,4
268,1901,4,4
269,1907,4,4
270,1911,4,4
271,1929,4,4
272,35762,4,2
273,1932,4,4
274,1939,4,4
275,1964,4,4
276,13761,4,2
277,1988,4,4
278,35815,4,2
279,2008,4,4
280,10056,4,2
281,2011,4,4
282,11166,4,1
283,11179,4,2
284,2021,4,4
285,2092,4,4
286,2060,4,4
287,2037,4,4
288,2057,4,4
289,6776,4,2
290,2122,4,4
291,2086,4,4
292,2127,4,4
293,2096,4,4
294,2099,4,4
295,25060,4,2
296,2281,4,4
297,2119,4,4
298,2143,4,4
299,3150,4,2
300,2231,4,4
301,2164,4,4
302,2169,4,4
303,2175,4,4
304,4890,4,2
305,2259,4,4
306,2268,4,4
307,22299,4,1
308,2274,4,4
309,2286,4,4
310,42145,4,2
311,40753,4,2
312,12939,4,1
313,42995,4,1
314,2404,4,3
315,35698,4,3
316,112,4,4
317,108,4,4
318,1538392,4,1
319,4152,4,2
320,3937,4,2
321,4114,4,2
322,134,4,4
323,130,4,4
324,35695,4,2
325,7901,4,1
326,4898,4,2
327,250,4,4
328,3276,4,2
329,42598,4,1
330,35796,4,2
331,305,4,4
332,4173,4,2
333,3475,4,2
334,347,4,4
335,3263,4,2
336,42052,4,1
337,40022,4,1
338,5927,4,1
339,611,4,4
340,15713,4,1
341,20571,4,1
342,475,4,4
343,6604,4,1
344,518,4,4
345,532,4,4
346,5438,4,1
347,5423,4,2
348,31944,4,1
349,7066,4,1
350,641,4,4
351,659,4,4
352,670,4,4
353,724,4,4
354,858,4,4
355,912,4,4
356,25557,4,1
357,4964,4,1
358,919,4,4
359,1086,4,4
360,37039,4,1
361,1494605,4,1
362,18538,4,2
363,1063,4,4
364,1151,4,4
365,25442,4,1
366,2787,4,1
367,16456,4,1
368,1339,4,4
369,1321,4,4
370,1350,4,4
371,1391,4,4
372,1777,4,4
373,1729,4,4
374,1718,4,4
375,1838,4,4
376,1535,4,4
377,1556,4,4
378,26442,4,1
379,1674,4,4
380,29231,4,1
381,1899,4,4
382,21586,4,1
383,26295,4,2
384,1874,4,4
385,1603450,4,1
386,12483,4,1
387,1922,4,4
388,13808,4,1
389,32732,4,1
390,41767,4,1
391,2075,4,4
392,3114,4,2
393,3038,4,2
394,25096,4,1
395,25197,4,1
396,2262,4,4
397,2593,4,1
398,2297,4,4
399,22446,4,1
400,183,4,4
401,194,4,4
402,5636,4,2
403,5421,4,2
404,1006,4,4
405,7750,5,3
406,7799,4,3
407,4960,4,3
408,1538361,4,1
409,1404,4,4
410,1442,4,4
411,1648,4,4
412,2161,4,4
413,444,4,4
414,370,4,4
415,276,4,4
416,287,4,4
417,1143,4,4
418,25505,4,1
419,4481,4,2
420,36190,4,3
421,109373,4,3
422,3441,4,2
423,19815,4,1
424,903,4,4
425,2192,4,4
426,2803,4,1
427,1216,4,4
428,1254,4,4
429,19251,4,2
430,32687,4,1
431,1458,4,4
432,1813,4,4
433,21611,4,1
434,32902,4,2
435,13002,4,2
436,24227,4,2
437,2107,4,4
438,6775,4,2
439,41648,4,2
440,3016,4,2
441,42674,4,3
442,2284,4,4
443,20,3,3
444,25,3,3
445,3253,4,2
446,1645159,4,1
447,43,3,3
448,76,3,3
449,59,4,4
450,1052,4,4
451,410,4,4
452,151,4,4
453,383,4,4
454,442,3,3
455,140,3,3
456,392,3,3
457,144,4,4
458,156,3,3
459,173,3,3
460,160,3,3
461,163,3,3
462,314,3,3
463,196,3,3
464,41752,3,1
465,214,3,3
466,36178,3,3
467,219,3,3
468,4110,3,2
469,1159,3,3
470,3430,4,2
471,3432,4,1
472,4181,4,1
473,328,3,3
474,35734,3,1
475,12138,3,1
476,3261,3,1
477,41945,4,1
478,400,3,3
479,445,3,3
480,6025,4,2
481,6300,3,2
482,755,4,4
483,415,3,3
484,5926,3,2
485,20812,4,1
486,465,4,4
487,35803,4,1
488,21548,3,1
489,4077,4,2
490,7142,4,4
491,6684,4,2
492,5883,4,1
493,5902,3,1
494,521,3,3
495,526,3,3
496,541,3,3
497,4371,4,1
498,37015,3,1
499,37017,3,1
500,581,3,3
501,596,3,3
502,3451,4,1
503,614,3,3
504,12653,3,1
505,631,3,3
506,634,3,3
507,12613,3,1
508,41880,3,1
509,41885,3,1
510,678,3,3
511,2004,3,3
512,685,3,3
513,10318,4,1
514,739,4,4
515,696,3,3
516,705,4,4
517,19821,4,1
518,10154,3,1
519,782,3,3
520,1494590,3,2
521,787,3,3
522,831,3,3
523,962,3,3
524,890,3,3
525,822,3,3
526,854,3,3
527,25187,4,2
528,910,3,3
529,1027,3,3
530,2243,3,3
531,948,4,4
532,37054,4,1
533,15690,3,1
534,1009,3,3
535,36230,3,2
536,40969,3,1
537,18703,4,1
538,36252,3,1
539,2132,3,3
540,2182,3,3
541,1053,3,3
542,1163,3,3
543,3070,3,1
544,1138,3,3
545,1175,3,3
546,1170,4,4
547,36240,3,2
548,16404,3,2
549,37008,3,1
550,1188,3,3
551,19379,3,1
552,19376,3,1
553,32686,3,1
554,1229,3,3
555,1231,3,3
556,1447,3,3
557,1244,3,3
558,1260,3,3
559,1262,3,3
560,24772,3,3
561,1270,3,3
562,35902,3,1
563,1389,3,3
564,1282,3,3
565,1289,3,3
566,1307,3,3
567,1310,3,3
568,19281,4,1
569,39851,3,1
570,1880,3,3
571,1402,3,3
572,1492,3,3
573,1494,3,3
574,1509,3,3
575,27677,3,2
576,1515,3,3
577,1522,3,3
578,1529,3,3
579,1549,3,3
580,34223,3,1
581,34199,4,1
582,1571,3,3
583,1576,3,3
584,1581,3,3
585,1603635,4,1
586,1603636,4,1
587,26365,3,1
588,1851,4,4
589,1619,3,3
590,1639,3,3
591,1635,3,3
592,37117,3,2
593,1643,3,3
594,1680,3,3
595,1667,3,3
596,1763,3,3
597,1670,4,4
598,18067,4,2
599,40460,3,1
600,1687,3,3
601,1713,3,3
602,1707,3,3
603,1717,3,3
604,1738,3,3
605,1741,3,3
606,1815,3,3
607,1859,3,3
608,1860,3,3
609,1844,3,3
610,1795,3,3
611,1792,3,3
612,28782,4,1
613,25341,3,1
614,1807,3,3
615,1827,3,3
616,2854,4,1
617,41695,4,1
618,10138,4,2
619,1892,3,3
620,1949,3,3
621,1923,3,3
622,1934,4,4
623,1940,4,4
624,31253,4,1
625,31331,4,1
626,1945,3,3
627,1958,3,3
628,41773,4,1
629,1975,3,3
630,1978,3,3
631,1982,3,3
632,1985,3,3
633,35833,3,2
634,11361,3,2
635,1600093,3,2
636,2026,3,3
637,21237,3,1
638,21238,3,1
639,2063,3,3
640,2043,3,3
641,2225,3,3
642,2050,3,3
643,2224,3,3
644,25066,3,2
645,2115,3,3
646,2150,3,3
647,3109,4,2
648,2233,3,3
649,2179,3,3
650,2215,3,3
651,22286,4,2
652,42473,4,1
653,2292,4,4
654,2346,3,3
655,2298,3,3
656,2315,4,4
657,2305,3,3
658,2308,3,3
659,2318,3,3
660,2322,3,3
661,2326,3,3
662,2329,3,3
663,2334,3,3
664,2351,3,3
665,2354,3,3
666,2362,3,3
667,2408,3,2
668,2365,3,3
669,2375,3,1
670,6733,4,1
671,153,4,4
672,189,4,4
673,204,4,4
674,7918,4,2
675,35851,4,2
676,668,4,4
677,784,5,5
678,1494604,4,1
679,1603550,4,3
680,1499,4,4
681,1866,4,4
682,0,3,3
683,4,4,4
684,33,3,3
685,93,3,3
686,3246,4,2
687,1542024,3,1
688,27325,4,2
689,1071,4,4
690,1116,4,4
691,2220,3,3
692,338,4,4
693,66,4,4
694,1048,3,3
695,89,3,3
696,6748,4,2
697,6764,4,2
698,6765,4,4
699,1058,3,3
700,425,4,4
701,435,3,3
702,367,3,3
703,23401,3,2
704,15697,3,1
705,227,3,3
706,255,3,3
707,238,4,4
708,271,3,3
709,36211,3,1
710,290,4,4
711,42583,4,3
712,1101,3,3
713,12041,3,1
714,3285,4,2
715,378,4,4
716,42094,4,2
717,41613,3,1
718,450,3,3
719,2661,3,1
720,699,3,3
721,23898,3,1
722,2648,3,1
723,36977,3,1
724,4074,4,2
725,487,3,3
726,6696,4,2
727,8146,3,1
728,8145,4,2
729,5444,4,1
730,5443,3,1
731,1603443,4,3
732,552,3,3
733,22098,3,1
734,36020,3,1
735,6859,3,1
736,692,4,4
737,6013,3,1
738,662,4,4
739,619,3,3
740,12794,3,1
741,12597,3,1
742,12790,3,1
743,9392,3,2
744,36180,3,3
745,752,3,3
746,688,4,4
747,40820,4,4
748,726,4,4
749,746,4,4
750,963,3,3
751,765,4,4
752,7874,3,1
753,7763,3,1
754,7762,3,1
755,10156,3,1
756,833,3,3
757,776,3,3
758,960,4,4
759,818,4,4
760,851,3,3
761,24581,3,1
762,884,3,3
763,998,4,4
764,35568,3,1
765,983,4,4
766,1002,3,3
767,2250,4,4
768,968,3,3
769,1494608,4,1
770,7745,4,1
771,18705,3,1
772,1091,3,3
773,1066,3,3
774,4984,4,2
775,1144,3,3
776,8707,3,1
777,8665,3,1
778,16414,3,1
779,16396,3,1
780,36239,3,1
781,1219,4,4
782,1296,3,3
783,19656,3,1
784,1340,4,4
785,1426,3,3
786,1247,3,3
787,1258,3,3
788,1384,4,4
789,37120,3,2
790,1312,3,3
791,1319,3,3
792,1322,4,4
793,1603389,4,2
794,1731,3,3
795,1722,3,3
796,30903,3,1
797,1508,4,4
798,30905,3,1
799,1593,3,3
800,1585,3,3
801,1541,3,3
802,1544,3,3
803,1552,3,3
804,34229,3,1
805,26498,4,1
806,37115,3,2
807,1659,3,3
808,1678,3,3
809,1766,3,3
810,1703,3,3
811,9957,3,1
812,1736,3,3
813,1900,4,4
814,42531,3,1
815,35790,3,1
816,1833,3,3
817,23853,3,1
818,1810,3,3
819,1840,3,3
820,1871,3,3
821,26195,4,2
822,37131,3,1
823,1955,3,3
824,12957,4,2
825,35787,3,2
826,1603251,4,2
827,35832,4,2
828,31464,3,2
829,37589,3,1
830,40077,3,1
831,13746,3,1
832,41925,3,1
833,1606249,3,1
834,2020,3,3
835,11182,3,1
836,32236,4,2
837,21323,3,1
838,2033,4,4
839,2093,4,4
840,4415,3,1
841,25284,4,2
842,25199,4,1
843,2148,4,4
844,2242,3,3
845,2171,4,4
846,2208,3,3
847,4891,3,1
848,139766,3,1
849,2430,3,1
850,2504,3,1
851,2526,3,1
852,2525,3,1
853,42966,3,2
854,2340,3,3
855,42973,3,1
856,4392,3,1
857,2374,3,3
858,5433,4,2
859,841,4,4
860,21599,4,1
861,1273,4,4
862,1421,4,4
863,1473,4,4
864,10159,4,2
865,84,4,4
866,78,3,3
867,14,4,4
868,3254,4,3
869,50,3,3
870,38,3,3
871,1641577,3,1
872,4120,4,2
873,2252,3,3
874,72,3,3
875,139,3,3
876,115,4,4
877,389,3,3
878,42074,4,2
879,201,3,3
880,42079,4,3
881,7179,3,2
882,41755,3,1
883,7923,3,2
884,7931,3,1
885,264,3,3
886,35769,3,1
887,1157,3,3
888,3479,4,3
889,11435,3,1
890,333,3,3
891,417,4,4
892,12629,3,2
893,23896,4,2
894,21970,3,1
895,492,3,3
896,7141,4,3
897,6685,4,2
898,6616,3,1
899,514,4,4
900,5884,4,2
901,1594982,3,2
902,564,3,3
903,600,4,4
904,607,3,3
905,615,3,3
906,2084,3,3
907,10016,3,2
908,3465,3,1
909,798,3,3
910,109344,3,1
911,10300,3,1
912,737,4,4
913,703,4,4
914,717,3,3
915,20397,4,2
916,729,4,4
917,898,3,3
918,824,3,3
919,24584,4,2
920,24572,3,1
921,4968,3,1
922,4900,3,2
923,35579,3,1
924,932,4,4
925,1038,4,4
926,37048,3,2
927,41715,3,1
928,980,3,3
929,1085,4,4
930,1087,4,4
931,1097,3,3
932,36172,3,1
933,2002,3,3
934,7821,4,3
935,1126,3,3
936,4956,4,2
937,1178,3,3
938,24066,3,1
939,2277,3,3
940,19927,3,1
941,1619294,3,1
942,1353,4,4
943,1420,3,3
944,35913,3,2
945,37095,3,2
946,35916,3,1
947,1799,3,3
948,1751,3,3
949,1291,3,3
950,1302,3,3
951,1775,3,3
952,1726,3,3
953,1690,3,3
954,1429,3,3
955,1505,3,3
956,10099,4,3
957,1477,3,3
958,1596,3,3
959,1527,3,3
960,1524,3,3
961,1531,3,3
962,34227,3,2
963,27573,3,1
964,26429,3,2
965,1650,3,3
966,1797,3,3
967,1744,3,3
968,1784,3,3
969,1780,3,3
970,1884,3,3
971,1789,3,3
972,1801,3,3
973,41439,3,1
974,21564,3,1
975,1856,3,3
976,1881,3,3
977,32942,3,1
978,42798,3,1
979,1931,4,4
980,13810,3,1
981,1603248,3,2
982,1961,3,3
983,35978,3,1
984,2015,3,3
985,32237,3,1
986,2040,3,3
987,2095,3,3
988,2228,3,3
989,2058,4,4
990,2073,3,3
991,2131,3,3
992,2104,4,4
993,2113,4,4
994,25482,3,1
995,3146,3,2
996,2140,3,3
997,2144,4,4
998,2165,4,4
999,41827,3,1
1000,2266,3,3
1001,28474,3,1
1002,2618,3,1
1003,25418,3,1
1004,4405,3,1
1005,2925,3,2
1006,2312,4,4
1007,2301,3,3
1008,2356,3,3
1009,3247,3,1
1010,36235,3,1
1011,1075,3,3
1012,35881,3,2
1013,309,3,3
1014,3295,3,1
1015,3271,3,1
1016,3889,3,2
1017,35775,3,1
1018,363,4,4
1019,12226,3,1
1020,12227,3,1
1021,12247,3,1
1022,7793,3,1
1023,5314,3,1
1024,40105,3,1
1025,1594983,3,1
1026,522,3,3
1027,36992,3,1
1028,543,2,2
1029,568,2,2
1030,578,2,2
1031,570,2,2
1032,580,2,2
1033,575,2,2
1034,22105,3,1
1035,6851,3,1
1036,7188,3,1
1037,109371,3,1
1038,622,2,2
1039,139985,3,1
1040,627,2,2
1041,12593,3,1
1042,12793,3,1
1043,646,3,3
1044,9387,3,2
1045,10007,3,1
1046,109337,3,1
1047,691,3,3
1048,10233,3,1
1049,19831,3,1
1050,7897,3,1
1051,791,3,3
1052,806,3,3
1053,25183,3,1
1054,35561,3,1
1055,36254,2,1
1056,990,3,3
1057,18537,3,2
1058,24030,3,1
1059,2246,3,3
1060,1173,3,3
1061,1164,3,3
1062,37064,3,1
1063,37079,3,1
1064,24059,3,1
1065,27123,3,1
1066,20039,3,1
1067,20080,3,1
1068,1294,2,2
1069,1255,3,3
1070,1285,2,2
1071,19345,3,2
1072,1326,4,4
1073,1413,3,3
1074,35927,3,1
1075,1454,2,2
1076,27676,3,2
1077,26452,3,1
1078,1661,3,3
1079,41064,3,2
1080,1852,3,3
1081,23926,3,1
1082,35935,3,1
1083,30864,3,1
1084,35788,3,2
1085,29233,3,1
1086,26197,3,1
1087,33712,3,1
1088,38736,3,1
1089,1607720,3,1
1090,1895,3,3
1091,12485,3,1
1092,24222,3,1
1093,1943,3,3
1094,1992,3,3
1095,40421,3,1
1096,1967,3,3
1097,1950,3,3
1098,41486,3,1
1099,41507,3,1
1100,33722,3,1
1101,13790,3,1
1102,13755,3,1
1103,13764,3,1
1104,1997,3,3
1105,11183,3,1
1106,10178,3,1
1107,10179,3,1
1108,32229,3,1
1109,32231,3,1
1110,21677,3,1
1111,3011,4,2
1112,20221,3,1
1113,20222,3,1
1114,25517,3,1
1115,3086,3,2
1116,41986,3,3
1117,2236,3,3
1118,2159,3,3
1119,38590,3,1
1120,41185,3,1
1121,28475,3,1
1122,12025,3,1
1123,2595,3,1
1124,35987,3,1
1125,3875,3,1
1126,38204,3,1
1127,2507,3,1
1128,36012,3,1
1129,42937,3,1
1130,42979,3,1
1131,42959,3,1
1132,42991,3,1
1133,2335,3,3
1134,4424,3,1
1135,1243,4,4
1136,4148,4,2
1137,55,4,4
1138,1089,4,4
1139,107,4,4
1140,97,4,4
1141,6771,4,2
1142,122,3,3
1143,127,4,4
1144,177,3,3
1145,182,4,4
1146,432,4,4
1147,7926,4,2
1148,248,4,4
1149,299,3,3
1150,1124,3,3
1151,3431,4,2
1152,7794,4,3
1153,681,3,3
1154,5970,3,1
1155,7164,4,3
1156,24012,3,3
1157,6683,4,2
1158,5896,4,2
1159,8155,4,2
1160,1190,3,3
1161,3498,4,2
1162,41826,3,1
1163,637,3,3
1164,707,3,3
1165,719,3,3
1166,871,3,3
1167,917,4,4
1168,42668,4,2
1169,885,4,4
1170,1037,4,4
1171,41913,4,3
1172,1141,3,3
1173,2177,3,3
1174,23184,4,3
1175,1179,3,3
1176,1212,4,4
1177,35882,3,1
1178,1227,3,3
1179,19289,4,2
1180,1382,3,3
1181,1602880,3,1
1182,1432,3,3
1183,39937,4,3
1184,1682,3,3
1185,1818,3,3
1186,1697,4,4
1187,1752,4,4
1188,1877,3,3
1189,12931,4,3
1190,24237,4,2
1191,2078,4,4
1192,2067,3,3
1193,6779,4,2
1194,3140,4,2
1195,2295,3,3
1196,2358,3,3
1197,1,3,3
1198,469,3,3
1199,35709,3,2
1200,113,3,3
1201,3255,4,3
1202,23,3,3
1203,35885,3,1
1204,27108,3,2
1205,341,3,3
1206,2156,3,3
1207,452,3,3
1208,148,3,3
1209,166,3,3
1210,317,3,3
1211,312,3,3
1212,195,3,3
1213,4109,3,2
1214,233,4,4
1215,244,3,3
1216,257,3,3
1217,550,3,3
1218,269,3,3
1219,286,4,4
1220,35845,3,2
1221,294,4,4
1222,3480,4,2
1223,334,2,2
1224,3290,3,2
1225,3319,4,3
1226,394,3,3
1227,20849,3,1
1228,40748,3,1
1229,449,3,3
1230,411,3,3
1231,472,3,3
1232,6024,3,2
1233,5315,3,1
1234,41916,3,2
1235,495,3,3
1236,5894,4,2
1237,8154,3,1
1238,36201,3,2
1239,533,3,3
1240,1603442,3,2
1241,4373,4,2
1242,37003,3,2
1243,567,3,3
1244,588,2,2
1245,22099,3,2
1246,22107,3,2
1247,7251,3,1
1248,3452,3,2
1249,3439,4,2
1250,40021,2,1
1251,40010,3,2
1252,1094,3,3
1253,642,3,3
1254,653,3,3
1255,860,3,3
1256,826,3,3
1257,830,3,3
1258,109345,3,2
1259,684,3,3
1260,10296,3,1
1261,10298,3,1
1262,870,2,2
1263,16916,3,1
1264,766,4,4
1265,7878,3,2
1266,7782,3,1
1267,779,3,3
1268,774,3,3
1269,808,2,2
1270,877,4,4
1271,37038,3,1
1272,888,3,3
1273,41875,3,2
1274,895,2,2
1275,36181,3,2
1276,958,4,4
1277,35570,3,1
1278,37052,3,2
1279,940,3,3
1280,41983,3,2
1281,21594,3,2
1282,1013,4,4
1283,1007,3,3
1284,973,3,3
1285,1020,3,3
1286,18558,3,1
1287,1054,3,3
1288,41722,3,2
1289,1064,3,3
1290,1558615,3,1
1291,1117,3,3
1292,37075,3,1
1293,7780,4,3
1294,1150,3,3
1295,36167,3,1
1296,4959,4,2
1297,1147,3,3
1298,8674,3,2
1299,8658,3,1
1300,1182,3,3
1301,1196,2,2
1302,35896,3,1
1303,1232,3,3
1304,1334,4,4
1305,1359,3,3
1306,1249,3,3
1307,1271,3,3
1308,1298,3,3
1309,35912,3,1
1310,1309,3,3
1311,1314,3,3
1312,19505,3,1
1313,1331,3,3
1314,19288,3,1
1315,34544,3,2
1316,1464,3,3
1317,1500,3,3
1318,1392,3,3
1319,1403,3,3
1320,1710,3,3
1321,1490,3,3
1322,1602,4,4
1323,25093,3,1
1324,1435,3,3
1325,1439,3,3
1326,1456,3,3
1327,1480,3,3
1328,1601,3,3
1329,1662,3,3
1330,1608,3,3
1331,1514,3,3
1332,1519,3,3
1333,34052,4,2
1334,34530,3,2
1335,34036,2,1
1336,34214,3,1
1337,34209,3,2
1338,34101,3,2
1339,34212,3,2
1340,34221,3,2
1341,1561,3,3
1342,1567,3,3
1343,1579,3,3
1344,1629,3,3
1345,1628,3,3
1346,1631,3,3
1347,1734,3,3
1348,37114,3,2
1349,18068,3,2
1350,24000,3,2
1351,1677,3,3
1352,1705,3,3
1353,1716,3,3
1354,1748,3,3
1355,34690,3,2
1356,1603391,3,1
1357,1764,3,3
1358,42533,3,1
1359,5295,3,1
1360,21888,3,1
1361,26125,3,2
1362,26366,3,1
1363,12625,3,3
1364,1603577,3,1
1365,24235,3,1
1366,1936,3,3
1367,1980,3,3
1368,35812,3,2
1369,1594981,3,1
1370,11427,3,2
1371,2027,3,3
1372,2041,3,3
1373,37173,4,3
1374,2062,3,3
1375,2068,3,3
1376,6774,4,3
1377,2087,3,3
1378,2114,3,3
1379,25212,3,2
1380,2117,3,3
1381,3144,3,1
1382,2186,3,3
1383,2173,4,4
1384,2238,2,2
1385,139767,3,1
1386,22285,3,2
1387,40752,3,2
1388,2306,3,3
1389,2323,3,3
1390,2327,3,3
1391,2331,3,3
1392,2341,3,3
1393,2364,3,3
1394,2407,3,2
1395,2405,3,2
1396,42200,2,1
1397,209,4,4
1398,42078,3,2
1399,4175,4,2
1400,754,4,4
1401,793,4,4
1402,956,4,4
1403,961,4,4
1404,1451,4,4
1405,1349,4,4
1406,21557,3,1
1407,6773,4,2
1408,3165,4,2
1409,22448,3,1
1410,98,4,4
1411,110,4,4
1412,27,3,3
1413,49,3,3
1414,41,3,3
1415,2157,4,4
1416,68,4,4
1417,1050,3,3
1418,2256,3,3
1419,81,3,3
1420,342,4,4
1421,6805,4,3
1422,117,4,4
1423,353,4,4
1424,381,3,3
1425,359,4,4
1426,138,3,3
1427,6770,3,2
1428,157,3,3
1429,159,3,3
1430,161,3,3
1431,434,4,4
1432,426,4,4
1433,441,3,3
1434,200,2,2
1435,206,3,3
1436,235,3,3
1437,226,3,3
1438,308,3,3
1439,217,3,3
1440,231,3,3
1441,3930,3,2
1442,3292,3,3
1443,35850,4,2
1444,1918,3,3
1445,35847,3,2
1446,292,3,3
1447,3481,3,2
1448,364,3,3
1449,16472,3,2
1450,468,3,3
1451,397,3,3
1452,409,4,4
1453,412,3,3
1454,7756,4,3
1455,20655,4,3
1456,20811,3,1
1457,481,2,2
1458,4040,3,1
1459,489,3,3
1460,4076,3,1
1461,7133,3,2
1462,497,3,3
1463,1166,3,3
1464,531,4,4
1465,536,3,3
1466,551,3,3
1467,557,3,3
1468,1187,3,3
1469,2023,3,3
1470,594,3,3
1471,3469,3,2
1472,675,4,4
1473,674,3,3
1474,612,3,3
1475,836,4,4
1476,629,3,3
1477,649,3,3
1478,9395,3,2
1479,669,4,4
1480,694,3,3
1481,1998,3,3
1482,700,3,3
1483,10317,3,2
1484,697,3,3
1485,751,3,3
1486,929,4,4
1487,735,3,3
1488,904,4,4
1489,767,4,4
1490,771,4,4
1491,876,3,3
1492,790,3,3
1493,804,4,4
1494,913,4,4
1495,985,3,3
1496,817,3,3
1497,812,3,3
1498,41906,3,3
1499,869,3,3
1500,971,3,3
1501,880,4,4
1502,927,3,3
1503,2229,4,4
1504,934,3,3
1505,1026,3,3
1506,937,3,3
1507,1032,2,2
1508,2244,3,3
1509,979,3,3
1510,995,4,4
1511,4894,3,2
1512,1105,3,3
1513,24053,3,1
1514,1108,3,3
1515,1162,4,4
1516,36174,3,2
1517,1174,3,3
1518,8677,3,1
1519,1223,4,4
1520,1225,4,4
1521,1214,3,3
1522,1343,3,3
1523,1317,3,3
1524,1237,3,3
1525,1253,4,4
1526,1278,3,3
1527,27256,3,3
1528,1287,2,2
1529,1305,3,3
1530,1327,3,3
1531,35914,3,1
1532,1869,3,3
1533,30901,3,2
1534,9359,4,3
1535,1412,3,3
1536,1711,3,3
1537,1621,3,3
1538,1449,3,3
1539,1462,3,3
1540,37172,3,2
1541,1641,4,4
1542,1534,3,3
1543,1536,3,3
1544,34102,2,1
1545,1563,2,2
1546,1645,4,4
1547,1611,3,3
1548,26487,4,2
1549,42097,3,2
1550,1633,3,3
1551,1653,4,4
1552,36247,3,2
1553,1761,3,3
1554,38672,2,1
1555,1735,3,3
1556,1861,3,3
1557,1889,3,3
1558,1842,3,3
1559,1835,3,3
1560,1847,3,3
1561,26279,3,1
1562,32903,4,3
1563,1904,4,4
1564,35791,3,2
1565,1914,4,4
1566,24224,4,2
1567,1924,3,3
1568,1993,3,3
1569,1947,3,3
1570,37580,2,1
1571,1976,3,3
1572,1983,3,3
1573,1986,3,3
1574,1996,3,3
1575,2012,3,3
1576,2017,3,3
1577,2047,3,3
1578,2070,3,3
1579,2125,3,3
1580,2091,4,4
1581,3034,3,2
1582,2101,4,4
1583,2133,3,3
1584,2153,3,3
1585,2232,3,3
1586,2166,3,3
1587,2184,3,3
1588,2222,3,3
1589,4353,2,1
1590,2291,3,3
1591,4403,3,2
1592,42952,2,1
1593,2320,3,3
1594,2352,3,3
1595,2372,3,3
1596,2376,3,1
1597,35729,3,2
1598,8,2,2
1599,27107,3,2
1600,74,3,3
1601,7178,3,2
1602,7922,3,2
1603,278,3,3
1604,36218,2,1
1605,262,3,3
1606,265,2,2
1607,35772,2,1
1608,302,3,3
1609,319,1,1
1610,12230,2,1
1611,36193,2,1
1612,756,2,2
1613,416,3,3
1614,7190,3,2
1615,40005,2,1
1616,36982,2,1
1617,36985,3,2
1618,545,3,3
1619,1494580,3,2
1620,9388,3,2
1621,10312,2,1
1622,702,3,3
1623,109347,3,2
1624,19832,2,1
1625,731,3,3
1626,777,3,3
1627,899,3,3
1628,914,3,3
1629,1494595,2,1
1630,4961,3,2
1631,982,3,3
1632,41914,3,2
1633,1040,3,3
1634,1012,4,4
1635,37047,2,1
1636,1127,3,3
1637,41677,2,1
1638,7809,4,3
1639,1136,3,3
1640,36170,2,1
1641,1172,3,3
1642,8662,3,2
1643,37022,2,2
1644,39894,2,1
1645,38676,2,1
1646,35901,2,1
1647,1311,3,3
1648,25940,2,1
1649,1831,3,3
1650,1471,3,3
1651,1409,3,3
1652,35928,2,1
1653,1595,3,3
1654,1882,3,3
1655,37364,3,2
1656,1587,3,3
1657,1525,3,3
1658,34222,3,2
1659,1569,3,3
1660,41322,2,1
1661,37171,2,1
1662,1647,3,3
1663,1626,3,3
1664,1660,3,3
1665,23927,2,1
1666,36249,2,1
1667,1796,3,3
1668,1698,3,3
1669,36694,3,2
1670,1701,3,3
1671,38673,2,1
1672,1714,3,3
1673,1742,3,3
1674,1765,3,3
1675,1781,3,3
1676,1887,3,3
1677,1879,3,3
1678,5283,2,1
1679,26287,3,2
1680,32941,4,3
1681,32420,2,1
1682,32422,2,1
1683,1898,2,2
1684,41318,2,1
1685,1902,2,2
1686,32894,2,1
1687,12958,4,3
1688,13057,2,1
1689,13058,3,2
1690,37587,2,1
1691,37582,2,1
1692,1951,2,2
1693,41527,2,1
1694,1960,3,3
1695,1981,3,3
1696,41113,2,1
1697,11180,3,2
1698,6741,3,2
1699,6743,3,2
1700,3112,3,2
1701,25064,3,2
1702,38592,3,2
1703,25285,3,2
1704,2142,3,3
1705,2260,3,3
1706,2264,3,3
1707,3876,3,2
1708,2599,3,2
1709,2302,3,3
1710,2324,3,3
1711,2328,3,3
1712,2332,3,3
1713,2338,3,3
1714,2350,2,2
1715,2363,3,3
1716,1240,4,4
1717,2052,4,4
1718,422,4,4
1719,12,4,4
1720,1641586,3,2
1721,1639779,3,2
1722,45,4,4
1723,223,4,4
1724,146,3,3
1725,135,4,4
1726,99,4,4
1727,388,3,3
1728,369,3,3
1729,193,4,4
1730,350,3,3
1731,503,3,3
1732,4896,3,2
1733,296,3,3
1734,479,3,3
1735,1092,4,4
1736,336,3,3
1737,349,4,4
1738,7163,4,3
1739,447,3,3
1740,499,3,3
1741,510,3,3
1742,1120,3,3
1743,36197,3,2
1744,569,3,3
1745,676,4,4
1746,624,3,3
1747,625,3,3
1748,656,3,3
1749,666,4,4
1750,828,4,4
1751,763,4,4
1752,16917,3,2
1753,795,4,4
1754,109368,4,3
1755,41659,3,2
1756,814,3,3
1757,1018,4,4
1758,1001,3,3
1759,41712,4,3
1760,41649,4,3
1761,2249,4,4
1762,941,4,4
1763,1074,3,3
1764,1035,3,3
1765,1045,3,3
1766,1082,4,4
1767,1129,3,3
1768,1139,3,3
1769,2278,4,4
1770,1183,3,3
1771,1210,3,3
1772,1362,3,3
1773,1370,4,4
1774,1300,4,4
1775,1234,3,3
1776,1419,4,4
1777,1336,3,3
1778,1428,3,3
1779,1820,4,4
1780,1615092,4,3
1781,1333,3,3
1782,19451,3,2
1783,1365,3,3
1784,1397,3,3
1785,1405,3,3
1786,1430,4,4
1787,1829,3,3
1788,1594,3,3
1789,1592,3,3
1790,1605,3,3
1791,1666,3,3
1792,1770,3,3
1793,1790,3,3
1794,1854,3,3
1795,1953,3,3
1796,31330,3,2
1797,1990,3,3
1798,1956,3,3
1799,2005,3,3
1800,2039,3,3
1801,2106,4,4
1802,2055,4,4
1803,2065,3,3
1804,3025,3,2
1805,2135,3,3
1806,3081,3,2
1807,2218,3,3
1808,2211,3,3
1809,2270,4,4
1810,2293,3,3
1811,380,3,3
1812,5,3,3
1813,9,3,3
1814,95,3,3
1815,2204,3,3
1816,35,3,3
1817,4113,3,2
1818,57,4,4
1819,1072,3,3
1820,62,3,3
1821,455,3,3
1822,118,3,3
1823,316,3,3
1824,91,2,2
1825,6792,4,3
1826,358,3,3
1827,178,3,3
1828,42066,4,3
1829,35746,3,2
1830,461,3,3
1831,203,3,3
1832,198,3,3
1833,307,3,3
1834,254,2,2
1835,3291,3,2
1836,253,2,2
1837,272,3,3
1838,549,2,2
1839,525,3,3
1840,35795,3,2
1841,405,3,3
1842,382,3,3
1843,361,3,3
1844,395,3,3
1845,459,3,3
1846,401,3,3
1847,36209,3,2
1848,6301,3,2
1849,683,3,3
1850,7795,3,2
1851,429,4,4
1852,431,4,4
1853,436,3,3
1854,476,3,3
1855,36976,2,1
1856,486,3,3
1857,5808,3,2
1858,7165,4,3
1859,23431,3,2
1860,527,3,3
1861,5449,2,2
1862,537,3,3
1863,546,2,2
1864,2024,3,3
1865,573,2,2
1866,571,2,2
1867,572,2,2
1868,587,2,2
1869,582,3,3
1870,583,3,3
1871,22113,3,2
1872,601,4,4
1873,36183,4,3
1874,608,3,3
1875,618,3,3
1876,620,3,3
1877,834,3,3
1878,109372,3,2
1879,633,3,3
1880,36326,2,1
1881,640,3,3
1882,644,3,3
1883,10015,3,2
1884,853,3,3
1885,744,4,4
1886,842,3,3
1887,847,3,3
1888,41890,2,1
1889,1999,3,3
1890,37028,3,3
1891,720,3,3
1892,740,3,3
1893,715,2,2
1894,714,3,3
1895,19820,3,2
1896,797,4,4
1897,801,2,2
1898,897,3,3
1899,7825,3,2
1900,7872,2,1
1901,109367,4,4
1902,786,3,3
1903,789,3,3
1904,857,3,3
1905,883,4,4
1906,882,3,3
1907,886,3,3
1908,994,3,3
1909,981,3,3
1910,921,3,3
1911,977,3,3
1912,945,3,3
1913,37049,3,2
1914,1041,2,2
1915,951,2,2
1916,36228,2,1
1917,1010,3,3
1918,37043,2,1
1919,1028,3,3
1920,1051,3,3
1921,2248,3,3
1922,1059,3,3
1923,23185,3,2
1924,1140,3,3
1925,1112,3,3
1926,1134,3,3
1927,1148,2,2
1928,1193,3,3
1929,16398,2,1
1930,1185,2,2
1931,1200,2,2
1932,1221,2,2
1933,1224,3,3
1934,1643876,3,2
1935,1233,3,3
1936,1465,3,3
1937,1425,3,3
1938,1256,2,2
1939,1263,3,3
1940,1750,3,3
1941,1299,3,3
1942,1283,2,2
1943,1292,2,2
1944,1376,3,3
1945,1868,3,3
1946,1381,3,3
1947,1401,3,3
1948,1719,3,3
1949,9358,3,2
1950,1411,3,3
1951,41063,3,3
1952,1434,3,3
1953,1495,2,2
1954,1448,3,3
1955,1603,2,2
1956,1637,3,3
1957,1642,3,3
1958,1484,2,2
1959,34545,3,2
1960,36898,2,1
1961,34213,3,2
1962,1548,3,3
1963,34254,3,3
1964,1599,2,2
1965,1654,3,3
1966,1616,2,2
1967,1627,2,2
1968,1733,2,2
1969,39936,3,3
1970,1663,3,3
1971,1767,3,3
1972,1668,3,3
1973,1679,3,3
1974,29307,2,1
1975,1723,3,3
1976,1746,3,3
1977,1754,3,3
1978,10293,3,3
1979,37112,2,1
1980,1785,3,3
1981,1779,3,3
1982,1793,3,3
1983,1808,2,2
1984,1863,3,3
1985,1876,3,3
1986,1893,3,3
1987,1896,4,4
1988,13005,2,1
1989,1909,3,3
1990,1910,3,3
1991,24226,3,2
1992,1603249,3,3
1993,1941,3,3
1994,13765,3,2
1995,2010,3,3
1996,2018,3,3
1997,2028,3,3
1998,41449,2,1
1999,2031,3,3
2000,2042,3,3
2001,2090,3,3
2002,2044,3,3
2003,6739,3,2
2004,2102,3,3
2005,2110,4,4
2006,2162,3,3
2007,2207,3,3
2008,2240,2,2
2009,12028,2,1
2010,2929,3,2
2011,2310,2,2
2012,42954,2,1
2013,2316,2,2
2014,2343,3,3
2015,2357,3,3
2016,36006,3,2
2017,171,4,4
2018,128,4,4
2019,100,4,4
2020,126,4,4
2021,213,4,4
2022,467,4,4
2023,794,4,4
2024,902,4,4
2025,2200,4,4
2026,920,4,4
2027,949,4,4
2028,1275,4,4
2029,1351,4,4
2030,37106,4,4
2031,1345,4,4
2032,1385,4,4
2033,1466,4,4
2034,1367,4,4
2035,1386,4,4
2036,1886,4,4
2037,1867,4,4
2038,1937,4,4
2039,385,3,3
2040,419,3,3
2041,7,3,3
2042,32,3,3
2043,83,3,3
2044,111,3,3
2045,94,3,3
2046,123,3,3
2047,18,3,3
2048,1199,3,3
2049,185,3,3
2050,39,3,3
2051,47,3,3
2052,1155,4,4
2053,52,3,3
2054,56,3,3
2055,1096,3,3
2056,1098,3,3
2057,63,3,3
2058,2155,3,3
2059,71,3,3
2060,133,3,3
2061,101,4,4
2062,106,4,4
2063,150,3,3
2064,152,3,3
2065,176,4,4
2066,141,3,3
2067,186,3,3
2068,357,3,3
2069,158,3,3
2070,175,3,3
2071,1056,3,3
2072,180,4,4
2073,424,3,3
2074,371,4,4
2075,375,4,4
2076,212,4,4
2077,344,3,3
2078,236,3,3
2079,229,3,3
2080,234,3,3
2081,215,3,3
2082,221,4,4
2083,289,3,3
2084,243,3,3
2085,241,3,3
2086,1158,3,3
2087,42587,3,3
2088,270,3,3
2089,291,3,3
2090,280,3,3
2091,283,3,3
2092,298,3,3
2093,1156,3,3
2094,1090,3,3
2095,321,4,4
2096,36979,3,3
2097,329,3,3
2098,331,3,3
2099,345,3,3
2100,3338,3,2
2101,399,3,3
2102,403,3,3
2103,592,3,3
2104,406,3,3
2105,414,3,3
2106,758,3,3
2107,1024,3,3
2108,438,4,4
2109,21121,3,2
2110,482,3,3
2111,507,3,3
2112,490,3,3
2113,493,3,3
2114,504,3,3
2115,512,4,4
2116,1119,4,4
2117,517,3,3
2118,523,3,3
2119,529,3,3
2120,534,4,4
2121,540,3,3
2122,559,3,3
2123,555,3,3
2124,2025,3,3
2125,562,3,3
2126,586,3,3
2127,598,3,3
2128,603,3,3
2129,665,4,4
2130,695,3,3
2131,609,3,3
2132,635,3,3
2133,650,3,3
2134,652,3,3
2135,743,3,3
2136,671,4,4
2137,690,4,4
2138,679,3,3
2139,1015,3,3
2140,1079,3,3
2141,712,3,3
2142,711,3,3
2143,844,3,3
2144,718,3,3
2145,792,4,4
2146,796,3,3
2147,909,4,4
2148,906,3,3
2149,749,3,3
2150,770,4,4
2151,37032,2,1
2152,785,3,3
2153,773,3,3
2154,872,3,3
2155,819,3,3
2156,845,3,3
2157,820,3,3
2158,810,3,3
2159,2194,4,4
2160,815,3,3
2161,36194,3,3
2162,889,3,3
2163,36191,2,1
2164,823,3,3
2165,840,3,3
2166,864,4,4
2167,972,3,3
2168,2191,4,4
2169,2197,4,4
2170,999,3,3
2171,959,4,4
2172,916,3,3
2173,922,3,3
2174,41650,4,3
2175,931,3,3
2176,935,3,3
2177,939,3,3
2178,943,4,4
2179,1088,3,3
2180,967,3,3
2181,974,4,4
2182,41993,4,4
2183,1084,3,3
2184,1030,3,3
2185,1046,3,3
2186,1077,3,3
2187,1107,3,3
2188,1121,4,4
2189,1061,3,3
2190,2001,3,3
2191,1114,4,4
2192,1146,3,3
2193,1160,3,3
2194,1180,3,3
2195,1194,3,3
2196,1169,3,3
2197,1192,3,3
2198,1218,4,4
2199,1202,3,3
2200,1208,3,3
2201,1213,3,3
2202,1226,3,3
2203,1357,4,4
2204,1363,4,4
2205,1318,3,3
2206,1486,3,3
2207,1424,3,3
2208,1414,3,3
2209,1415,4,4
2210,1488,4,4
2211,1685,3,3
2212,1422,4,4
2213,1241,3,3
2214,1276,3,3
2215,1372,4,4
2216,1315,3,3
2217,1245,3,3
2218,1246,3,3
2219,1264,3,3
2220,1798,3,3
2221,1787,3,3
2222,1269,3,3
2223,1341,3,3
2224,1390,3,3
2225,1280,4,4
2226,1290,3,3
2227,1375,3,3
2228,1387,4,4
2229,1590,3,3
2230,1408,3,3
2231,1724,3,3
2232,1406,4,4
2233,1489,3,3
2234,1709,3,3
2235,3270,3,3
2236,1440,3,3
2237,1468,3,3
2238,1824,3,3
2239,1478,3,3
2240,1644,3,3
2241,1609,3,3
2242,1520,3,3
2243,1537,3,3
2244,1539,3,3
2245,1542,3,3
2246,1547,3,3
2247,1564,3,3
2248,1574,4,4
2249,1578,3,3
2250,1624,3,3
2251,1612,3,3
2252,1630,3,3
2253,1759,3,3
2254,37108,3,3
2255,1657,3,3
2256,1672,3,3
2257,37138,3,2
2258,1692,3,3
2259,1749,3,3
2260,1891,4,4
2261,10292,3,2
2262,1890,4,4
2263,1757,3,3
2264,1913,3,3
2265,1768,3,3
2266,1858,3,3
2267,1817,3,3
2268,1794,3,3
2269,1848,3,3
2270,1915,4,4
2271,1994,3,3
2272,1965,4,4
2273,1970,3,3
2274,1979,3,3
2275,2006,3,3
2276,2030,3,3
2277,2054,3,3
2278,2048,3,3
2279,2035,3,3
2280,2051,3,3
2281,2083,3,3
2282,2139,4,4
2283,2108,3,3
2284,2045,3,3
2285,2227,3,3
2286,3115,4,4
2287,2056,4,4
2288,2071,3,3
2289,2130,3,3
2290,2088,3,3
2291,2112,4,4
2292,2283,3,3
2293,2152,3,3
2294,2120,3,3
2295,2134,3,3
2296,2187,3,3
2297,2234,3,3
2298,2214,3,3
2299,2168,4,4
2300,2288,4,4
2301,2299,3,3
2302,2303,3,3
2303,2344,3,3
2304,2361,3,3
2305,2355,3,3
2306,2368,3,3
2307,36008,2,1
2308,2366,3,3
2309,2371,3,3
