Ranking,UserID,PageValue,OutDegree,InDegree
1,16,2.182e-03,5,29
2,2907,1.780e-03,0,15
3,2965,1.736e-03,0,30
4,342,1.497e-03,31,53
5,2908,1.413e-03,1,17
6,294,1.277e-03,7,66
7,412,1.223e-03,23,31
8,2846,1.090e-03,21,44
9,35,1.021e-03,0,20
10,290,9.243e-04,2,14
11,2,9.016e-04,0,10
12,295,8.956e-04,6,24
13,19,8.392e-04,0,16
14,291,8.094e-04,4,14
15,2801,7.375e-04,7,14
16,3,7.207e-04,1,12
17,2764,7.185e-04,23,17
18,2870,6.648e-04,0,14
19,2911,6.334e-04,1,10
20,293,6.205e-04,4,12
21,36,5.519e-04,1,19
22,2822,5.385e-04,20,9
23,2848,4.950e-04,2,28
24,12,4.667e-04,0,2
25,69,4.600e-04,0,1
26,1,4.595e-04,0,3
27,689,4.572e-04,1,2
28,688,4.572e-04,0,2
29,690,4.572e-04,1,2
30,691,4.572e-04,1,2
31,692,4.572e-04,1,2
32,693,4.572e-04,1,2
33,694,4.572e-04,1,2
34,695,4.572e-04,1,2
35,720,4.561e-04,1,2
36,719,4.561e-04,0,2
37,721,4.561e-04,1,2
38,722,4.561e-04,1,2
39,723,4.561e-04,1,2
40,724,4.561e-04,1,2
41,725,4.561e-04,1,2
42,726,4.561e-04,1,2
43,727,4.561e-04,1,2
44,728,4.561e-04,1,2
45,604,4.537e-04,1,2
46,603,4.537e-04,0,2
47,605,4.537e-04,1,2
48,606,4.537e-04,1,2
49,607,4.537e-04,1,2
50,608,4.537e-04,1,2
51,609,4.537e-04,1,2
52,610,4.537e-04,1,2
53,611,4.537e-04,1,2
54,612,4.537e-04,1,2
55,613,4.537e-04,1,2
56,614,4.537e-04,1,2
57,615,4.537e-04,1,2
58,616,4.537e-04,1,2
59,617,4.537e-04,1,2
60,618,4.537e-04,1,2
61,15,4.537e-04,0,2
62,20,4.536e-04,1,15
63,517,4.531e-04,1,2
64,516,4.531e-04,0,2
65,518,4.531e-04,1,2
66,519,4.531e-04,1,2
67,520,4.531e-04,1,2
68,521,4.531e-04,1,2
69,522,4.531e-04,1,2
70,523,4.531e-04,1,2
71,524,4.531e-04,1,2
72,525,4.531e-04,1,2
73,526,4.531e-04,1,2
74,527,4.531e-04,1,2
75,528,4.531e-04,1,2
76,529,4.531e-04,1,2
77,530,4.531e-04,1,2
78,531,4.531e-04,1,2
79,532,4.531e-04,1,2
80,533,4.531e-04,1,2
81,1093,4.506e-04,1,2
82,1092,4.506e-04,0,2
83,1094,4.506e-04,1,2
84,1095,4.506e-04,1,2
85,1096,4.506e-04,1,2
86,1097,4.506e-04,1,2
87,1098,4.506e-04,1,2
88,1099,4.506e-04,1,2
89,1100,4.506e-04,1,2
90,1101,4.506e-04,1,2
91,1102,4.506e-04,1,2
92,1103,4.506e-04,1,2
93,1104,4.506e-04,1,2
94,1105,4.506e-04,1,2
95,1106,4.506e-04,1,2
96,1107,4.506e-04,1,2
97,1108,4.506e-04,1,2
98,1109,4.506e-04,1,2
99,1110,4.506e-04,1,2
100,1111,4.506e-04,1,2
101,1112,4.506e-04,1,2
102,1113,4.506e-04,1,2
103,1114,4.506e-04,1,2
104,1115,4.506e-04,1,2
105,1116,4.506e-04,1,2
106,1117,4.506e-04,1,2
107,1118,4.506e-04,1,2
108,1119,4.506e-04,1,2
109,1120,4.506e-04,1,2
110,1242,4.500e-04,1,2
111,1241,4.500e-04,0,2
112,1243,4.500e-04,1,2
113,1244,4.500e-04,1,2
114,1245,4.500e-04,1,2
115,1246,4.500e-04,1,2
116,1247,4.500e-04,1,2
117,1248,4.500e-04,1,2
118,1249,4.500e-04,1,2
119,1250,4.500e-04,1,2
120,1251,4.500e-04,1,2
121,1252,4.500e-04,1,2
122,1253,4.500e-04,1,2
123,1254,4.500e-04,1,2
124,1255,4.500e-04,1,2
125,1256,4.500e-04,1,2
126,1257,4.500e-04,1,2
127,1258,4.500e-04,1,2
128,1259,4.500e-04,1,2
129,1260,4.500e-04,1,2
130,1261,4.500e-04,1,2
131,1262,4.500e-04,1,2
132,1263,4.500e-04,1,2
133,1264,4.500e-04,1,2
134,1265,4.500e-04,1,2
135,1266,4.500e-04,1,2
136,1267,4.500e-04,1,2
137,1268,4.500e-04,1,2
138,1269,4.500e-04,1,2
139,1270,4.500e-04,1,2
140,1271,4.500e-04,1,2
141,1272,4.500e-04,1,2
142,1273,4.500e-04,1,2
143,1274,4.500e-04,1,2
144,1275,4.500e-04,1,2
145,1959,4.500e-04,1,2
146,1958,4.500e-04,0,2
147,1960,4.500e-04,1,2
148,1961,4.500e-04,1,2
149,1962,4.500e-04,1,2
150,1963,4.500e-04,1,2
151,1964,4.500e-04,1,2
152,1965,4.500e-04,1,2
153,1966,4.500e-04,1,2
154,1967,4.500e-04,1,2
155,1968,4.500e-04,1,2
156,1969,4.500e-04,1,2
157,1970,4.500e-04,1,2
158,1971,4.500e-04,1,2
159,1972,4.500e-04,1,2
160,1973,4.500e-04,1,2
161,1974,4.500e-04,1,2
162,1975,4.500e-04,1,2
163,1976,4.500e-04,1,2
164,1977,4.500e-04,1,2
165,1978,4.500e-04,1,2
166,1979,4.500e-04,1,2
167,1980,4.500e-04,1,2
168,1981,4.500e-04,1,2
169,1982,4.500e-04,1,2
170,1983,4.500e-04,1,2
171,1984,4.500e-04,1,2
172,1985,4.500e-04,1,2
173,1986,4.500e-04,1,2
174,1987,4.500e-04,1,2
175,1988,4.500e-04,1,2
176,1989,4.500e-04,1,2
177,1990,4.500e-04,1,2
178,1991,4.500e-04,1,2
179,2164,4.500e-04,1,2
180,2163,4.500e-04,0,2
181,2165,4.500e-04,1,2
182,2166,4.500e-04,1,2
183,2167,4.500e-04,1,2
184,2168,4.500e-04,1,2
185,2169,4.500e-04,1,2
186,2170,4.500e-04,1,2
187,2171,4.500e-04,1,2
188,2172,4.500e-04,1,2
189,2173,4.500e-04,1,2
190,2174,4.500e-04,1,2
191,2175,4.500e-04,1,2
192,2176,4.500e-04,1,2
193,2177,4.500e-04,1,2
194,2178,4.500e-04,1,2
195,2179,4.500e-04,1,2
196,2180,4.500e-04,1,2
197,2181,4.500e-04,1,2
198,2182,4.500e-04,1,2
199,2183,4.500e-04,1,2
200,2184,4.500e-04,1,2
201,2185,4.500e-04,1,2
202,2186,4.500e-04,1,2
203,2187,4.500e-04,1,2
204,2188,4.500e-04,1,2
205,2189,4.500e-04,1,2
206,2190,4.500e-04,1,2
207,2191,4.500e-04,1,2
208,2192,4.500e-04,1,2
209,2193,4.500e-04,1,2
210,2194,4.500e-04,1,2
211,2195,4.500e-04,1,2
212,2196,4.500e-04,1,2
213,2215,4.500e-04,1,2
214,2214,4.500e-04,0,2
215,2216,4.500e-04,1,2
216,2217,4.500e-04,1,2
217,2218,4.500e-04,1,2
218,2219,4.500e-04,1,2
219,2220,4.500e-04,1,2
220,2221,4.500e-04,1,2
221,2222,4.500e-04,1,2
222,2223,4.500e-04,1,2
223,2224,4.500e-04,1,2
224,2225,4.500e-04,1,2
225,2226,4.500e-04,1,2
226,2227,4.500e-04,1,2
227,2228,4.500e-04,1,2
228,2229,4.500e-04,1,2
229,2230,4.500e-04,1,2
230,2231,4.500e-04,1,2
231,2232,4.500e-04,1,2
232,2233,4.500e-04,1,2
233,2234,4.500e-04,1,2
234,2235,4.500e-04,1,2
235,2236,4.500e-04,1,2
236,2237,4.500e-04,1,2
237,2238,4.500e-04,1,2
238,2239,4.500e-04,1,2
239,2240,4.500e-04,1,2
240,2241,4.500e-04,1,2
241,2242,4.500e-04,1,2
242,2243,4.500e-04,1,2
243,2244,4.500e-04,1,2
244,2245,4.500e-04,1,2
245,2246,4.500e-04,1,2
246,2247,4.500e-04,1,2
247,2374,4.500e-04,1,2
248,2373,4.500e-04,0,2
249,2375,4.500e-04,1,2
250,2376,4.500e-04,1,2
251,2377,4.500e-04,1,2
252,2378,4.500e-04,1,2
253,2379,4.500e-04,1,2
254,2380,4.500e-04,1,2
255,2381,4.500e-04,1,2
256,2382,4.500e-04,1,2
257,2383,4.500e-04,1,2
258,2384,4.500e-04,1,2
259,2385,4.500e-04,1,2
260,2386,4.500e-04,1,2
261,2387,4.500e-04,1,2
262,2388,4.500e-04,1,2
263,2389,4.500e-04,1,2
264,2390,4.500e-04,1,2
265,2391,4.500e-04,1,2
266,2392,4.500e-04,1,2
267,2393,4.500e-04,1,2
268,2394,4.500e-04,1,2
269,2395,4.500e-04,1,2
270,2396,4.500e-04,1,2
271,2397,4.500e-04,1,2
272,2398,4.500e-04,1,2
273,2399,4.500e-04,1,2
274,2400,4.500e-04,1,2
275,2401,4.500e-04,1,2
276,2402,4.500e-04,1,2
277,2403,4.500e-04,1,2
278,2404,4.500e-04,1,2
279,2405,4.500e-04,1,2
280,2406,4.500e-04,1,2
281,2477,4.500e-04,1,2
282,2476,4.500e-04,0,2
283,2478,4.500e-04,1,2
284,2479,4.500e-04,1,2
285,2480,4.500e-04,1,2
286,2481,4.500e-04,1,2
287,2482,4.500e-04,1,2
288,2483,4.500e-04,1,2
289,2484,4.500e-04,1,2
290,2485,4.500e-04,1,2
291,2486,4.500e-04,1,2
292,2487,4.500e-04,1,2
293,2488,4.500e-04,1,2
294,2489,4.500e-04,1,2
295,2490,4.500e-04,1,2
296,2491,4.500e-04,1,2
297,2492,4.500e-04,1,2
298,2493,4.500e-04,1,2
299,2494,4.500e-04,1,2
300,2495,4.500e-04,1,2
301,2496,4.500e-04,1,2
302,2497,4.500e-04,1,2
303,2498,4.500e-04,1,2
304,2499,4.500e-04,1,2
305,2500,4.500e-04,1,2
306,2501,4.500e-04,1,2
307,2502,4.500e-04,1,2
308,2503,4.500e-04,1,2
309,2504,4.500e-04,1,2
310,2505,4.500e-04,1,2
311,2506,4.500e-04,1,2
312,2507,4.500e-04,1,2
313,2527,4.500e-04,1,2
314,2526,4.500e-04,0,2
315,2528,4.500e-04,1,2
316,2529,4.500e-04,1,2
317,2530,4.500e-04,1,2
318,2531,4.500e-04,1,2
319,2532,4.500e-04,1,2
320,2533,4.500e-04,1,2
321,2534,4.500e-04,1,2
322,2535,4.500e-04,1,2
323,2536,4.500e-04,1,2
324,2537,4.500e-04,1,2
325,2538,4.500e-04,1,2
326,2539,4.500e-04,1,2
327,2540,4.500e-04,1,2
328,2541,4.500e-04,1,2
329,2542,4.500e-04,1,2
330,2543,4.500e-04,1,2
331,2544,4.500e-04,1,2
332,2545,4.500e-04,1,2
333,2546,4.500e-04,1,2
334,2547,4.500e-04,1,2
335,2548,4.500e-04,1,2
336,2549,4.500e-04,1,2
337,2550,4.500e-04,1,2
338,2551,4.500e-04,1,2
339,2552,4.500e-04,1,2
340,2553,4.500e-04,1,2
341,2554,4.500e-04,1,2
342,2555,4.500e-04,1,2
343,2556,4.500e-04,1,2
344,2557,4.500e-04,1,2
345,2558,4.500e-04,1,2
346,2559,4.500e-04,1,2
347,2578,4.500e-04,1,2
348,2577,4.500e-04,0,2
349,2579,4.500e-04,1,2
350,2580,4.500e-04,1,2
351,2581,4.500e-04,1,2
352,2582,4.500e-04,1,2
353,2583,4.500e-04,1,2
354,2584,4.500e-04,1,2
355,2585,4.500e-04,1,2
356,2586,4.500e-04,1,2
357,2587,4.500e-04,1,2
358,2588,4.500e-04,1,2
359,2589,4.500e-04,1,2
360,2590,4.500e-04,1,2
361,2591,4.500e-04,1,2
362,2592,4.500e-04,1,2
363,2593,4.500e-04,1,2
364,2594,4.500e-04,1,2
365,2595,4.500e-04,1,2
366,2596,4.500e-04,1,2
367,2597,4.500e-04,1,2
368,2598,4.500e-04,1,2
369,2599,4.500e-04,1,2
370,2600,4.500e-04,1,2
371,2601,4.500e-04,1,2
372,2602,4.500e-04,1,2
373,2603,4.500e-04,1,2
374,2604,4.500e-04,1,2
375,2605,4.500e-04,1,2
376,2606,4.500e-04,1,2
377,2607,4.500e-04,1,2
378,2608,4.500e-04,1,2
379,2609,4.500e-04,1,2
380,2610,4.500e-04,1,2
381,553,4.498e-04,1,2
382,552,4.498e-04,0,2
383,554,4.498e-04,1,2
384,555,4.498e-04,1,2
385,556,4.498e-04,1,2
386,557,4.498e-04,1,2
387,558,4.498e-04,1,2
388,559,4.498e-04,1,2
389,560,4.498e-04,1,2
390,561,4.498e-04,1,2
391,562,4.498e-04,1,2
392,563,4.498e-04,1,2
393,564,4.498e-04,1,2
394,565,4.498e-04,1,2
395,566,4.498e-04,1,2
396,567,4.498e-04,1,2
397,568,4.498e-04,1,2
398,569,4.498e-04,1,2
399,570,4.498e-04,1,2
400,571,4.498e-04,1,2
401,572,4.498e-04,1,2
402,573,4.498e-04,1,2
403,574,4.498e-04,1,2
404,575,4.498e-04,1,2
405,576,4.498e-04,1,2
406,577,4.498e-04,1,2
407,578,4.498e-04,1,2
408,579,4.498e-04,1,2
409,580,4.498e-04,1,2
410,581,4.498e-04,1,2
411,582,4.498e-04,1,2
412,583,4.498e-04,1,2
413,584,4.498e-04,1,2
414,585,4.498e-04,1,2
415,637,4.498e-04,1,2
416,636,4.498e-04,0,2
417,638,4.498e-04,1,2
418,639,4.498e-04,1,2
419,640,4.498e-04,1,2
420,641,4.498e-04,1,2
421,642,4.498e-04,1,2
422,643,4.498e-04,1,2
423,644,4.498e-04,1,2
424,645,4.498e-04,1,2
425,646,4.498e-04,1,2
426,647,4.498e-04,1,2
427,648,4.498e-04,1,2
428,649,4.498e-04,1,2
429,650,4.498e-04,1,2
430,651,4.498e-04,1,2
431,652,4.498e-04,1,2
432,653,4.498e-04,1,2
433,654,4.498e-04,1,2
434,655,4.498e-04,1,2
435,656,4.498e-04,1,2
436,657,4.498e-04,1,2
437,658,4.498e-04,1,2
438,659,4.498e-04,1,2
439,660,4.498e-04,1,2
440,661,4.498e-04,1,2
441,662,4.498e-04,1,2
442,663,4.498e-04,1,2
443,664,4.498e-04,1,2
444,665,4.498e-04,1,2
445,666,4.498e-04,1,2
446,667,4.498e-04,1,2
447,668,4.498e-04,1,2
448,669,4.498e-04,1,2
449,814,4.498e-04,1,2
450,813,4.498e-04,0,2
451,815,4.498e-04,1,2
452,816,4.498e-04,1,2
453,817,4.498e-04,1,2
454,818,4.498e-04,1,2
455,819,4.498e-04,1,2
456,820,4.498e-04,1,2
457,821,4.498e-04,1,2
458,822,4.498e-04,1,2
459,823,4.498e-04,1,2
460,824,4.498e-04,1,2
461,825,4.498e-04,1,2
462,826,4.498e-04,1,2
463,827,4.498e-04,1,2
464,828,4.498e-04,1,2
465,829,4.498e-04,1,2
466,830,4.498e-04,1,2
467,831,4.498e-04,1,2
468,832,4.498e-04,1,2
469,833,4.498e-04,1,2
470,834,4.498e-04,1,2
471,835,4.498e-04,1,2
472,836,4.498e-04,1,2
473,837,4.498e-04,1,2
474,838,4.498e-04,1,2
475,839,4.498e-04,1,2
476,840,4.498e-04,1,2
477,841,4.498e-04,1,2
478,842,4.498e-04,1,2
479,843,4.498e-04,1,2
480,844,4.498e-04,1,2
481,845,4.498e-04,1,2
482,846,4.498e-04,1,2
483,1040,4.498e-04,1,2
484,1039,4.498e-04,0,2
485,1041,4.498e-04,1,2
486,1042,4.498e-04,1,2
487,1043,4.498e-04,1,2
488,1044,4.498e-04,1,2
489,1045,4.498e-04,1,2
490,1046,4.498e-04,1,2
491,1047,4.498e-04,1,2
492,1048,4.498e-04,1,2
493,1049,4.498e-04,1,2
494,1050,4.498e-04,1,2
495,1051,4.498e-04,1,2
496,1052,4.498e-04,1,2
497,1053,4.498e-04,1,2
498,1054,4.498e-04,1,2
499,1055,4.498e-04,1,2
500,1056,4.498e-04,1,2
501,1057,4.498e-04,1,2
502,1058,4.498e-04,1,2
503,1059,4.498e-04,1,2
504,1060,4.498e-04,1,2
505,1061,4.498e-04,1,2
506,1062,4.498e-04,1,2
507,1063,4.498e-04,1,2
508,1064,4.498e-04,1,2
509,1065,4.498e-04,1,2
510,1066,4.498e-04,1,2
511,1067,4.498e-04,1,2
512,1068,4.498e-04,1,2
513,1069,4.498e-04,1,2
514,1070,4.498e-04,1,2
515,1071,4.498e-04,1,2
516,1072,4.498e-04,1,2
517,1139,4.498e-04,1,2
518,1138,4.498e-04,0,2
519,1140,4.498e-04,1,2
520,1141,4.498e-04,1,2
521,1142,4.498e-04,1,2
522,1143,4.498e-04,1,2
523,1144,4.498e-04,1,2
524,1145,4.498e-04,1,2
525,1146,4.498e-04,1,2
526,1147,4.498e-04,1,2
527,1148,4.498e-04,1,2
528,1149,4.498e-04,1,2
529,1150,4.498e-04,1,2
530,1151,4.498e-04,1,2
531,1152,4.498e-04,1,2
532,1153,4.498e-04,1,2
533,1154,4.498e-04,1,2
534,1155,4.498e-04,1,2
535,1156,4.498e-04,1,2
536,1157,4.498e-04,1,2
537,1158,4.498e-04,1,2
538,1159,4.498e-04,1,2
539,1160,4.498e-04,1,2
540,1161,4.498e-04,1,2
541,1162,4.498e-04,1,2
542,1163,4.498e-04,1,2
543,1164,4.498e-04,1,2
544,1165,4.498e-04,1,2
545,1166,4.498e-04,1,2
546,1167,4.498e-04,1,2
547,1168,4.498e-04,1,2
548,1169,4.498e-04,1,2
549,1170,4.498e-04,1,2
550,1171,4.498e-04,1,2
551,1349,4.498e-04,1,2
552,1348,4.498e-04,0,2
553,1350,4.498e-04,1,2
554,1351,4.498e-04,1,2
555,1352,4.498e-04,1,2
556,1353,4.498e-04,1,2
557,1354,4.498e-04,1,2
558,1355,4.498e-04,1,2
559,1356,4.498e-04,1,2
560,1357,4.498e-04,1,2
561,1358,4.498e-04,1,2
562,1359,4.498e-04,1,2
563,1360,4.498e-04,1,2
564,1361,4.498e-04,1,2
565,1362,4.498e-04,1,2
566,1363,4.498e-04,1,2
567,1364,4.498e-04,1,2
568,1365,4.498e-04,1,2
569,1366,4.498e-04,1,2
570,1367,4.498e-04,1,2
571,1368,4.498e-04,1,2
572,1369,4.498e-04,1,2
573,1370,4.498e-04,1,2
574,1371,4.498e-04,1,2
575,1372,4.498e-04,1,2
576,1373,4.498e-04,1,2
577,1374,4.498e-04,1,2
578,1375,4.498e-04,1,2
579,1376,4.498e-04,1,2
580,1377,4.498e-04,1,2
581,1378,4.498e-04,1,2
582,1379,4.498e-04,1,2
583,1380,4.498e-04,1,2
584,1381,4.498e-04,1,2
585,1633,4.498e-04,1,2
586,1632,4.498e-04,0,2
587,1634,4.498e-04,1,2
588,1635,4.498e-04,1,2
589,1636,4.498e-04,1,2
590,1637,4.498e-04,1,2
591,1638,4.498e-04,1,2
592,1639,4.498e-04,1,2
593,1640,4.498e-04,1,2
594,1641,4.498e-04,1,2
595,1642,4.498e-04,1,2
596,1643,4.498e-04,1,2
597,1644,4.498e-04,1,2
598,1645,4.498e-04,1,2
599,1646,4.498e-04,1,2
600,1647,4.498e-04,1,2
601,1648,4.498e-04,1,2
602,1649,4.498e-04,1,2
603,1650,4.498e-04,1,2
604,1651,4.498e-04,1,2
605,1652,4.498e-04,1,2
606,1653,4.498e-04,1,2
607,1654,4.498e-04,1,2
608,1655,4.498e-04,1,2
609,1656,4.498e-04,1,2
610,1657,4.498e-04,1,2
611,1658,4.498e-04,1,2
612,1659,4.498e-04,1,2
613,1660,4.498e-04,1,2
614,1661,4.498e-04,1,2
615,1662,4.498e-04,1,2
616,1663,4.498e-04,1,2
617,1664,4.498e-04,1,2
618,1665,4.498e-04,1,2
619,1684,4.498e-04,1,2
620,1683,4.498e-04,0,2
621,1685,4.498e-04,1,2
622,1686,4.498e-04,1,2
623,1687,4.498e-04,1,2
624,1688,4.498e-04,1,2
625,1689,4.498e-04,1,2
626,1690,4.498e-04,1,2
627,1691,4.498e-04,1,2
628,1692,4.498e-04,1,2
629,1693,4.498e-04,1,2
630,1694,4.498e-04,1,2
631,1695,4.498e-04,1,2
632,1696,4.498e-04,1,2
633,1697,4.498e-04,1,2
634,1698,4.498e-04,1,2
635,1699,4.498e-04,1,2
636,1700,4.498e-04,1,2
637,1701,4.498e-04,1,2
638,1702,4.498e-04,1,2
639,1703,4.498e-04,1,2
640,1704,4.498e-04,1,2
641,1705,4.498e-04,1,2
642,1706,4.498e-04,1,2
643,1707,4.498e-04,1,2
644,1708,4.498e-04,1,2
645,1709,4.498e-04,1,2
646,1710,4.498e-04,1,2
647,1711,4.498e-04,1,2
648,1712,4.498e-04,1,2
649,1713,4.498e-04,1,2
650,1714,4.498e-04,1,2
651,1715,4.498e-04,1,2
652,1716,4.498e-04,1,2
653,1735,4.498e-04,1,2
654,1734,4.498e-04,0,2
655,1736,4.498e-04,1,2
656,1737,4.498e-04,1,2
657,1738,4.498e-04,1,2
658,1739,4.498e-04,1,2
659,1740,4.498e-04,1,2
660,1741,4.498e-04,1,2
661,1742,4.498e-04,1,2
662,1743,4.498e-04,1,2
663,1744,4.498e-04,1,2
664,1745,4.498e-04,1,2
665,1746,4.498e-04,1,2
666,1747,4.498e-04,1,2
667,1748,4.498e-04,1,2
668,1749,4.498e-04,1,2
669,1750,4.498e-04,1,2
670,1751,4.498e-04,1,2
671,1752,4.498e-04,1,2
672,1753,4.498e-04,1,2
673,1754,4.498e-04,1,2
674,1755,4.498e-04,1,2
675,1756,4.498e-04,1,2
676,1757,4.498e-04,1,2
677,1758,4.498e-04,1,2
678,1759,4.498e-04,1,2
679,1760,4.498e-04,1,2
680,1761,4.498e-04,1,2
681,1762,4.498e-04,1,2
682,1763,4.498e-04,1,2
683,1764,4.498e-04,1,2
684,1765,4.498e-04,1,2
685,1766,4.498e-04,1,2
686,1767,4.498e-04,1,2
687,1768,4.498e-04,1,2
688,1908,4.498e-04,1,2
689,1907,4.498e-04,0,2
690,1909,4.498e-04,1,2
691,1910,4.498e-04,1,2
692,1911,4.498e-04,1,2
693,1912,4.498e-04,1,2
694,1913,4.498e-04,1,2
695,1914,4.498e-04,1,2
696,1915,4.498e-04,1,2
697,1916,4.498e-04,1,2
698,1917,4.498e-04,1,2
699,1918,4.498e-04,1,2
700,1919,4.498e-04,1,2
701,1920,4.498e-04,1,2
702,1921,4.498e-04,1,2
703,1922,4.498e-04,1,2
704,1923,4.498e-04,1,2
705,1924,4.498e-04,1,2
706,1925,4.498e-04,1,2
707,1926,4.498e-04,1,2
708,1927,4.498e-04,1,2
709,1928,4.498e-04,1,2
710,1929,4.498e-04,1,2
711,1930,4.498e-04,1,2
712,1931,4.498e-04,1,2
713,1932,4.498e-04,1,2
714,1933,4.498e-04,1,2
715,1934,4.498e-04,1,2
716,1935,4.498e-04,1,2
717,1936,4.498e-04,1,2
718,1937,4.498e-04,1,2
719,1938,4.498e-04,1,2
720,1939,4.498e-04,1,2
721,1940,4.498e-04,1,2
722,2010,4.498e-04,1,2
723,2009,4.498e-04,0,2
724,2011,4.498e-04,1,2
725,2012,4.498e-04,1,2
726,2013,4.498e-04,1,2
727,2014,4.498e-04,1,2
728,2015,4.498e-04,1,2
729,2016,4.498e-04,1,2
730,2017,4.498e-04,1,2
731,2018,4.498e-04,1,2
732,2019,4.498e-04,1,2
733,2020,4.498e-04,1,2
734,2021,4.498e-04,1,2
735,2022,4.498e-04,1,2
736,2023,4.498e-04,1,2
737,2024,4.498e-04,1,2
738,2025,4.498e-04,1,2
739,2026,4.498e-04,1,2
740,2027,4.498e-04,1,2
741,2028,4.498e-04,1,2
742,2029,4.498e-04,1,2
743,2030,4.498e-04,1,2
744,2031,4.498e-04,1,2
745,2032,4.498e-04,1,2
746,2033,4.498e-04,1,2
747,2034,4.498e-04,1,2
748,2035,4.498e-04,1,2
749,2036,4.498e-04,1,2
750,2037,4.498e-04,1,2
751,2038,4.498e-04,1,2
752,2039,4.498e-04,1,2
753,2040,4.498e-04,1,2
754,2041,4.498e-04,1,2
755,2042,4.498e-04,1,2
756,2061,4.498e-04,1,2
757,2060,4.498e-04,0,2
758,2062,4.498e-04,1,2
759,2063,4.498e-04,1,2
760,2064,4.498e-04,1,2
761,2065,4.498e-04,1,2
762,2066,4.498e-04,1,2
763,2067,4.498e-04,1,2
764,2068,4.498e-04,1,2
765,2069,4.498e-04,1,2
766,2070,4.498e-04,1,2
767,2071,4.498e-04,1,2
768,2072,4.498e-04,1,2
769,2073,4.498e-04,1,2
770,2074,4.498e-04,1,2
771,2075,4.498e-04,1,2
772,2076,4.498e-04,1,2
773,2077,4.498e-04,1,2
774,2078,4.498e-04,1,2
775,2079,4.498e-04,1,2
776,2080,4.498e-04,1,2
777,2081,4.498e-04,1,2
778,2082,4.498e-04,1,2
779,2083,4.498e-04,1,2
780,2084,4.498e-04,1,2
781,2085,4.498e-04,1,2
782,2086,4.498e-04,1,2
783,2087,4.498e-04,1,2
784,2088,4.498e-04,1,2
785,2089,4.498e-04,1,2
786,2090,4.498e-04,1,2
787,2091,4.498e-04,1,2
788,2092,4.498e-04,1,2
789,2093,4.498e-04,1,2
790,2094,4.498e-04,1,2
791,2113,4.498e-04,1,2
792,2112,4.498e-04,0,2
793,2114,4.498e-04,1,2
794,2115,4.498e-04,1,2
795,2116,4.498e-04,1,2
796,2117,4.498e-04,1,2
797,2118,4.498e-04,1,2
798,2119,4.498e-04,1,2
799,2120,4.498e-04,1,2
800,2121,4.498e-04,1,2
801,2122,4.498e-04,1,2
802,2123,4.498e-04,1,2
803,2124,4.498e-04,1,2
804,2125,4.498e-04,1,2
805,2126,4.498e-04,1,2
806,2127,4.498e-04,1,2
807,2128,4.498e-04,1,2
808,2129,4.498e-04,1,2
809,2130,4.498e-04,1,2
810,2131,4.498e-04,1,2
811,2132,4.498e-04,1,2
812,2133,4.498e-04,1,2
813,2134,4.498e-04,1,2
814,2135,4.498e-04,1,2
815,2136,4.498e-04,1,2
816,2137,4.498e-04,1,2
817,2138,4.498e-04,1,2
818,2139,4.498e-04,1,2
819,2140,4.498e-04,1,2
820,2141,4.498e-04,1,2
821,2142,4.498e-04,1,2
822,2143,4.498e-04,1,2
823,2144,4.498e-04,1,2
824,2145,4.498e-04,1,2
825,2266,4.498e-04,1,2
826,2265,4.498e-04,0,2
827,2267,4.498e-04,1,2
828,2268,4.498e-04,1,2
829,2269,4.498e-04,1,2
830,2270,4.498e-04,1,2
831,2271,4.498e-04,1,2
832,2272,4.498e-04,1,2
833,2273,4.498e-04,1,2
834,2274,4.498e-04,1,2
835,2275,4.498e-04,1,2
836,2276,4.498e-04,1,2
837,2277,4.498e-04,1,2
838,2278,4.498e-04,1,2
839,2279,4.498e-04,1,2
840,2280,4.498e-04,1,2
841,2281,4.498e-04,1,2
842,2282,4.498e-04,1,2
843,2283,4.498e-04,1,2
844,2284,4.498e-04,1,2
845,2285,4.498e-04,1,2
846,2286,4.498e-04,1,2
847,2287,4.498e-04,1,2
848,2288,4.498e-04,1,2
849,2289,4.498e-04,1,2
850,2290,4.498e-04,1,2
851,2291,4.498e-04,1,2
852,2292,4.498e-04,1,2
853,2293,4.498e-04,1,2
854,2294,4.498e-04,1,2
855,2295,4.498e-04,1,2
856,2296,4.498e-04,1,2
857,2297,4.498e-04,1,2
858,2298,4.498e-04,1,2
859,2425,4.498e-04,1,2
860,2424,4.498e-04,0,2
861,2426,4.498e-04,1,2
862,2427,4.498e-04,1,2
863,2428,4.498e-04,1,2
864,2429,4.498e-04,1,2
865,2430,4.498e-04,1,2
866,2431,4.498e-04,1,2
867,2432,4.498e-04,1,2
868,2433,4.498e-04,1,2
869,2434,4.498e-04,1,2
870,2435,4.498e-04,1,2
871,2436,4.498e-04,1,2
872,2437,4.498e-04,1,2
873,2438,4.498e-04,1,2
874,2439,4.498e-04,1,2
875,2440,4.498e-04,1,2
876,2441,4.498e-04,1,2
877,2442,4.498e-04,1,2
878,2443,4.498e-04,1,2
879,2444,4.498e-04,1,2
880,2445,4.498e-04,1,2
881,2446,4.498e-04,1,2
882,2447,4.498e-04,1,2
883,2448,4.498e-04,1,2
884,2449,4.498e-04,1,2
885,2450,4.498e-04,1,2
886,2451,4.498e-04,1,2
887,2452,4.498e-04,1,2
888,2453,4.498e-04,1,2
889,2454,4.498e-04,1,2
890,2455,4.498e-04,1,2
891,2456,4.498e-04,1,2
892,2457,4.498e-04,1,2
893,2458,4.498e-04,1,2
894,2629,4.498e-04,1,2
895,2628,4.498e-04,0,2
896,2630,4.498e-04,1,2
897,2631,4.498e-04,1,2
898,2632,4.498e-04,1,2
899,2633,4.498e-04,1,2
900,2634,4.498e-04,1,2
901,2635,4.498e-04,1,2
902,2636,4.498e-04,1,2
903,2637,4.498e-04,1,2
904,2638,4.498e-04,1,2
905,2639,4.498e-04,1,2
906,2640,4.498e-04,1,2
907,2641,4.498e-04,1,2
908,2642,4.498e-04,1,2
909,2643,4.498e-04,1,2
910,2644,4.498e-04,1,2
911,2645,4.498e-04,1,2
912,2646,4.498e-04,1,2
913,2647,4.498e-04,1,2
914,2648,4.498e-04,1,2
915,2649,4.498e-04,1,2
916,2650,4.498e-04,1,2
917,2651,4.498e-04,1,2
918,2652,4.498e-04,1,2
919,2653,4.498e-04,1,2
920,2654,4.498e-04,1,2
921,2655,4.498e-04,1,2
922,2656,4.498e-04,1,2
923,2657,4.498e-04,1,2
924,2658,4.498e-04,1,2
925,2659,4.498e-04,1,2
926,2660,4.498e-04,1,2
927,2661,4.498e-04,1,2
928,935,4.497e-04,1,2
929,934,4.497e-04,0,2
930,936,4.497e-04,1,2
931,937,4.497e-04,1,2
932,938,4.497e-04,1,2
933,939,4.497e-04,1,2
934,940,4.497e-04,1,2
935,941,4.497e-04,1,2
936,942,4.497e-04,1,2
937,943,4.497e-04,1,2
938,944,4.497e-04,1,2
939,945,4.497e-04,1,2
940,946,4.497e-04,1,2
941,947,4.497e-04,1,2
942,948,4.497e-04,1,2
943,949,4.497e-04,1,2
944,950,4.497e-04,1,2
945,951,4.497e-04,1,2
946,952,4.497e-04,1,2
947,953,4.497e-04,1,2
948,954,4.497e-04,1,2
949,955,4.497e-04,1,2
950,956,4.497e-04,1,2
951,957,4.497e-04,1,2
952,958,4.497e-04,1,2
953,959,4.497e-04,1,2
954,960,4.497e-04,1,2
955,961,4.497e-04,1,2
956,962,4.497e-04,1,2
957,963,4.497e-04,1,2
958,964,4.497e-04,1,2
959,965,4.497e-04,1,2
960,966,4.497e-04,1,2
961,967,4.497e-04,1,2
962,968,4.497e-04,1,2
963,1190,4.497e-04,1,2
964,1189,4.497e-04,0,2
965,1191,4.497e-04,1,2
966,1192,4.497e-04,1,2
967,1193,4.497e-04,1,2
968,1194,4.497e-04,1,2
969,1195,4.497e-04,1,2
970,1196,4.497e-04,1,2
971,1197,4.497e-04,1,2
972,1198,4.497e-04,1,2
973,1199,4.497e-04,1,2
974,1200,4.497e-04,1,2
975,1201,4.497e-04,1,2
976,1202,4.497e-04,1,2
977,1203,4.497e-04,1,2
978,1204,4.497e-04,1,2
979,1205,4.497e-04,1,2
980,1206,4.497e-04,1,2
981,1207,4.497e-04,1,2
982,1208,4.497e-04,1,2
983,1209,4.497e-04,1,2
984,1210,4.497e-04,1,2
985,1211,4.497e-04,1,2
986,1212,4.497e-04,1,2
987,1213,4.497e-04,1,2
988,1214,4.497e-04,1,2
989,1215,4.497e-04,1,2
990,1216,4.497e-04,1,2
991,1217,4.497e-04,1,2
992,1218,4.497e-04,1,2
993,1219,4.497e-04,1,2
994,1220,4.497e-04,1,2
995,1221,4.497e-04,1,2
996,1222,4.497e-04,1,2
997,1223,4.497e-04,1,2
998,1454,4.497e-04,1,2
999,1453,4.497e-04,0,2
1000,1455,4.497e-04,1,2
1001,1456,4.497e-04,1,2
1002,1457,4.497e-04,1,2
1003,1458,4.497e-04,1,2
1004,1459,4.497e-04,1,2
1005,1460,4.497e-04,1,2
1006,1461,4.497e-04,1,2
1007,1462,4.497e-04,1,2
1008,1463,4.497e-04,1,2
1009,1464,4.497e-04,1,2
1010,1465,4.497e-04,1,2
1011,1466,4.497e-04,1,2
1012,1467,4.497e-04,1,2
1013,1468,4.497e-04,1,2
1014,1469,4.497e-04,1,2
1015,1470,4.497e-04,1,2
1016,1471,4.497e-04,1,2
1017,1472,4.497e-04,1,2
1018,1473,4.497e-04,1,2
1019,1474,4.497e-04,1,2
1020,1475,4.497e-04,1,2
1021,1476,4.497e-04,1,2
1022,1477,4.497e-04,1,2
1023,1478,4.497e-04,1,2
1024,1479,4.497e-04,1,2
1025,1480,4.497e-04,1,2
1026,1481,4.497e-04,1,2
1027,1482,4.497e-04,1,2
1028,1483,4.497e-04,1,2
1029,1484,4.497e-04,1,2
1030,1485,4.497e-04,1,2
1031,1486,4.497e-04,1,2
1032,1487,4.497e-04,1,2
1033,459,4.496e-04,1,2
1034,458,4.496e-04,0,2
1035,460,4.496e-04,1,2
1036,461,4.496e-04,1,2
1037,462,4.496e-04,1,2
1038,463,4.496e-04,1,2
1039,464,4.496e-04,1,2
1040,465,4.496e-04,1,2
1041,466,4.496e-04,1,2
1042,467,4.496e-04,1,2
1043,468,4.496e-04,1,2
1044,469,4.496e-04,1,2
1045,470,4.496e-04,1,2
1046,471,4.496e-04,1,2
1047,472,4.496e-04,1,2
1048,473,4.496e-04,1,2
1049,474,4.496e-04,1,2
1050,475,4.496e-04,1,2
1051,476,4.496e-04,1,2
1052,477,4.496e-04,1,2
1053,478,4.496e-04,1,2
1054,479,4.496e-04,1,2
1055,480,4.496e-04,1,2
1056,481,4.496e-04,1,2
1057,482,4.496e-04,1,2
1058,483,4.496e-04,1,2
1059,484,4.496e-04,1,2
1060,485,4.496e-04,1,2
1061,486,4.496e-04,1,2
1062,487,4.496e-04,1,2
1063,488,4.496e-04,1,2
1064,489,4.496e-04,1,2
1065,490,4.496e-04,1,2
1066,491,4.496e-04,1,2
1067,492,4.496e-04,1,2
1068,493,4.496e-04,1,2
1069,987,4.496e-04,1,2
1070,986,4.496e-04,0,2
1071,988,4.496e-04,1,2
1072,989,4.496e-04,1,2
1073,990,4.496e-04,1,2
1074,991,4.496e-04,1,2
1075,992,4.496e-04,1,2
1076,993,4.496e-04,1,2
1077,994,4.496e-04,1,2
1078,995,4.496e-04,1,2
1079,996,4.496e-04,1,2
1080,997,4.496e-04,1,2
1081,998,4.496e-04,1,2
1082,999,4.496e-04,1,2
1083,1000,4.496e-04,1,2
1084,1001,4.496e-04,1,2
1085,1002,4.496e-04,1,2
1086,1003,4.496e-04,1,2
1087,1004,4.496e-04,1,2
1088,1005,4.496e-04,1,2
1089,1006,4.496e-04,1,2
1090,1007,4.496e-04,1,2
1091,1008,4.496e-04,1,2
1092,1009,4.496e-04,1,2
1093,1010,4.496e-04,1,2
1094,1011,4.496e-04,1,2
1095,1012,4.496e-04,1,2
1096,1013,4.496e-04,1,2
1097,1014,4.496e-04,1,2
1098,1015,4.496e-04,1,2
1099,1016,4.496e-04,1,2
1100,1017,4.496e-04,1,2
1101,1018,4.496e-04,1,2
1102,1019,4.496e-04,1,2
1103,1020,4.496e-04,1,2
1104,1021,4.496e-04,1,2
1105,2680,4.496e-04,1,2
1106,2679,4.496e-04,0,2
1107,2681,4.496e-04,1,2
1108,2682,4.496e-04,1,2
1109,2683,4.496e-04,1,2
1110,2684,4.496e-04,1,2
1111,2685,4.496e-04,1,2
1112,2686,4.496e-04,1,2
1113,2687,4.496e-04,1,2
1114,2688,4.496e-04,1,2
1115,2689,4.496e-04,1,2
1116,2690,4.496e-04,1,2
1117,2691,4.496e-04,1,2
1118,2692,4.496e-04,1,2
1119,2693,4.496e-04,1,2
1120,2694,4.496e-04,1,2
1121,2695,4.496e-04,1,2
1122,2696,4.496e-04,1,2
1123,2697,4.496e-04,1,2
1124,2698,4.496e-04,1,2
1125,2699,4.496e-04,1,2
1126,2700,4.496e-04,1,2
1127,2701,4.496e-04,1,2
1128,2702,4.496e-04,1,2
1129,2703,4.496e-04,1,2
1130,2704,4.496e-04,1,2
1131,2705,4.496e-04,1,2
1132,2706,4.496e-04,1,2
1133,2707,4.496e-04,1,2
1134,2708,4.496e-04,1,2
1135,2709,4.496e-04,1,2
1136,2710,4.496e-04,1,2
1137,2711,4.496e-04,1,2
1138,2712,4.496e-04,1,2
1139,2713,4.496e-04,1,2
1140,2714,4.496e-04,1,2
1141,1294,4.494e-04,1,2
1142,1293,4.494e-04,0,2
1143,1295,4.494e-04,1,2
1144,1296,4.494e-04,1,2
1145,1297,4.494e-04,1,2
1146,1298,4.494e-04,1,2
1147,1299,4.494e-04,1,2
1148,1300,4.494e-04,1,2
1149,1301,4.494e-04,1,2
1150,1302,4.494e-04,1,2
1151,1303,4.494e-04,1,2
1152,1304,4.494e-04,1,2
1153,1305,4.494e-04,1,2
1154,1306,4.494e-04,1,2
1155,1307,4.494e-04,1,2
1156,1308,4.494e-04,1,2
1157,1309,4.494e-04,1,2
1158,1310,4.494e-04,1,2
1159,1311,4.494e-04,1,2
1160,1312,4.494e-04,1,2
1161,1313,4.494e-04,1,2
1162,1314,4.494e-04,1,2
1163,1315,4.494e-04,1,2
1164,1316,4.494e-04,1,2
1165,1317,4.494e-04,1,2
1166,1318,4.494e-04,1,2
1167,1319,4.494e-04,1,2
1168,1320,4.494e-04,1,2
1169,1321,4.494e-04,1,2
1170,1322,4.494e-04,1,2
1171,1323,4.494e-04,1,2
1172,1400,4.494e-04,1,2
1173,1399,4.494e-04,0,2
1174,1401,4.494e-04,1,2
1175,1402,4.494e-04,1,2
1176,1403,4.494e-04,1,2
1177,1404,4.494e-04,1,2
1178,1405,4.494e-04,1,2
1179,1406,4.494e-04,1,2
1180,1407,4.494e-04,1,2
1181,1408,4.494e-04,1,2
1182,1409,4.494e-04,1,2
1183,1410,4.494e-04,1,2
1184,1411,4.494e-04,1,2
1185,1412,4.494e-04,1,2
1186,1413,4.494e-04,1,2
1187,1414,4.494e-04,1,2
1188,1415,4.494e-04,1,2
1189,1416,4.494e-04,1,2
1190,1417,4.494e-04,1,2
1191,1418,4.494e-04,1,2
1192,1419,4.494e-04,1,2
1193,1420,4.494e-04,1,2
1194,1421,4.494e-04,1,2
1195,1422,4.494e-04,1,2
1196,1423,4.494e-04,1,2
1197,1424,4.494e-04,1,2
1198,1425,4.494e-04,1,2
1199,1426,4.494e-04,1,2
1200,1427,4.494e-04,1,2
1201,1428,4.494e-04,1,2
1202,1429,4.494e-04,1,2
1203,1430,4.494e-04,1,2
1204,1431,4.494e-04,1,2
1205,1432,4.494e-04,1,2
1206,1433,4.494e-04,1,2
1207,1434,4.494e-04,1,2
1208,1435,4.494e-04,1,2
1209,1577,4.493e-04,1,2
1210,1576,4.493e-04,0,2
1211,1578,4.493e-04,1,2
1212,1579,4.493e-04,1,2
1213,1580,4.493e-04,1,2
1214,1581,4.493e-04,1,2
1215,1582,4.493e-04,1,2
1216,1583,4.493e-04,1,2
1217,1584,4.493e-04,1,2
1218,1585,4.493e-04,1,2
1219,1586,4.493e-04,1,2
1220,1587,4.493e-04,1,2
1221,1588,4.493e-04,1,2
1222,1589,4.493e-04,1,2
1223,1590,4.493e-04,1,2
1224,1591,4.493e-04,1,2
1225,1592,4.493e-04,1,2
1226,1593,4.493e-04,1,2
1227,1594,4.493e-04,1,2
1228,1595,4.493e-04,1,2
1229,1596,4.493e-04,1,2
1230,1597,4.493e-04,1,2
1231,1598,4.493e-04,1,2
1232,1599,4.493e-04,1,2
1233,1600,4.493e-04,1,2
1234,1601,4.493e-04,1,2
1235,1602,4.493e-04,1,2
1236,1603,4.493e-04,1,2
1237,1604,4.493e-04,1,2
1238,1605,4.493e-04,1,2
1239,1606,4.493e-04,1,2
1240,1607,4.493e-04,1,2
1241,1608,4.493e-04,1,2
1242,1609,4.493e-04,1,2
1243,1610,4.493e-04,1,2
1244,1611,4.493e-04,1,2
1245,1612,4.493e-04,1,2
1246,1613,4.493e-04,1,2
1247,1614,4.493e-04,1,2
1248,758,4.492e-04,1,2
1249,757,4.492e-04,0,2
1250,759,4.492e-04,1,2
1251,760,4.492e-04,1,2
1252,761,4.492e-04,1,2
1253,762,4.492e-04,1,2
1254,763,4.492e-04,1,2
1255,764,4.492e-04,1,2
1256,765,4.492e-04,1,2
1257,766,4.492e-04,1,2
1258,767,4.492e-04,1,2
1259,768,4.492e-04,1,2
1260,769,4.492e-04,1,2
1261,770,4.492e-04,1,2
1262,771,4.492e-04,1,2
1263,772,4.492e-04,1,2
1264,773,4.492e-04,1,2
1265,774,4.492e-04,1,2
1266,775,4.492e-04,1,2
1267,776,4.492e-04,1,2
1268,777,4.492e-04,1,2
1269,778,4.492e-04,1,2
1270,779,4.492e-04,1,2
1271,780,4.492e-04,1,2
1272,781,4.492e-04,1,2
1273,782,4.492e-04,1,2
1274,783,4.492e-04,1,2
1275,784,4.492e-04,1,2
1276,785,4.492e-04,1,2
1277,786,4.492e-04,1,2
1278,787,4.492e-04,1,2
1279,788,4.492e-04,1,2
1280,789,4.492e-04,1,2
1281,790,4.492e-04,1,2
1282,791,4.492e-04,1,2
1283,792,4.492e-04,1,2
1284,793,4.492e-04,1,2
1285,794,4.492e-04,1,2
1286,795,4.492e-04,1,2
1287,2317,4.492e-04,1,2
1288,2316,4.492e-04,0,2
1289,2318,4.492e-04,1,2
1290,2319,4.492e-04,1,2
1291,2320,4.492e-04,1,2
1292,2321,4.492e-04,1,2
1293,2322,4.492e-04,1,2
1294,2323,4.492e-04,1,2
1295,2324,4.492e-04,1,2
1296,2325,4.492e-04,1,2
1297,2326,4.492e-04,1,2
1298,2327,4.492e-04,1,2
1299,2328,4.492e-04,1,2
1300,2329,4.492e-04,1,2
1301,2330,4.492e-04,1,2
1302,2331,4.492e-04,1,2
1303,2332,4.492e-04,1,2
1304,2333,4.492e-04,1,2
1305,2334,4.492e-04,1,2
1306,2335,4.492e-04,1,2
1307,2336,4.492e-04,1,2
1308,2337,4.492e-04,1,2
1309,2338,4.492e-04,1,2
1310,2339,4.492e-04,1,2
1311,2340,4.492e-04,1,2
1312,2341,4.492e-04,1,2
1313,2342,4.492e-04,1,2
1314,2343,4.492e-04,1,2
1315,2344,4.492e-04,1,2
1316,2345,4.492e-04,1,2
1317,2346,4.492e-04,1,2
1318,2347,4.492e-04,1,2
1319,2348,4.492e-04,1,2
1320,2349,4.492e-04,1,2
1321,2350,4.492e-04,1,2
1322,2351,4.492e-04,1,2
1323,2352,4.492e-04,1,2
1324,2353,4.492e-04,1,2
1325,2354,4.492e-04,1,2
1326,2355,4.492e-04,1,2
1327,1851,4.491e-04,1,2
1328,1850,4.491e-04,0,2
1329,1852,4.491e-04,1,2
1330,1853,4.491e-04,1,2
1331,1854,4.491e-04,1,2
1332,1855,4.491e-04,1,2
1333,1856,4.491e-04,1,2
1334,1857,4.491e-04,1,2
1335,1858,4.491e-04,1,2
1336,1859,4.491e-04,1,2
1337,1860,4.491e-04,1,2
1338,1861,4.491e-04,1,2
1339,1862,4.491e-04,1,2
1340,1863,4.491e-04,1,2
1341,1864,4.491e-04,1,2
1342,1865,4.491e-04,1,2
1343,1866,4.491e-04,1,2
1344,1867,4.491e-04,1,2
1345,1868,4.491e-04,1,2
1346,1869,4.491e-04,1,2
1347,1870,4.491e-04,1,2
1348,1871,4.491e-04,1,2
1349,1872,4.491e-04,1,2
1350,1873,4.491e-04,1,2
1351,1874,4.491e-04,1,2
1352,1875,4.491e-04,1,2
1353,1876,4.491e-04,1,2
1354,1877,4.491e-04,1,2
1355,1878,4.491e-04,1,2
1356,1879,4.491e-04,1,2
1357,1880,4.491e-04,1,2
1358,1881,4.491e-04,1,2
1359,1882,4.491e-04,1,2
1360,1883,4.491e-04,1,2
1361,1884,4.491e-04,1,2
1362,1885,4.491e-04,1,2
1363,1886,4.491e-04,1,2
1364,1887,4.491e-04,1,2
1365,1888,4.491e-04,1,2
1366,1889,4.491e-04,1,2
1367,874,4.489e-04,1,2
1368,873,4.489e-04,0,2
1369,875,4.489e-04,1,2
1370,876,4.489e-04,1,2
1371,877,4.489e-04,1,2
1372,878,4.489e-04,1,2
1373,879,4.489e-04,1,2
1374,880,4.489e-04,1,2
1375,881,4.489e-04,1,2
1376,882,4.489e-04,1,2
1377,883,4.489e-04,1,2
1378,884,4.489e-04,1,2
1379,885,4.489e-04,1,2
1380,886,4.489e-04,1,2
1381,887,4.489e-04,1,2
1382,888,4.489e-04,1,2
1383,889,4.489e-04,1,2
1384,890,4.489e-04,1,2
1385,891,4.489e-04,1,2
1386,892,4.489e-04,1,2
1387,893,4.489e-04,1,2
1388,894,4.489e-04,1,2
1389,895,4.489e-04,1,2
1390,896,4.489e-04,1,2
1391,897,4.489e-04,1,2
1392,898,4.489e-04,1,2
1393,899,4.489e-04,1,2
1394,900,4.489e-04,1,2
1395,901,4.489e-04,1,2
1396,902,4.489e-04,1,2
1397,903,4.489e-04,1,2
1398,904,4.489e-04,1,2
1399,905,4.489e-04,1,2
1400,906,4.489e-04,1,2
1401,907,4.489e-04,1,2
1402,908,4.489e-04,1,2
1403,909,4.489e-04,1,2
1404,910,4.489e-04,1,2
1405,911,4.489e-04,1,2
1406,912,4.489e-04,1,2
1407,913,4.489e-04,1,2
1408,914,4.489e-04,1,2
1409,1787,4.484e-04,1,2
1410,1786,4.484e-04,0,2
1411,1788,4.484e-04,1,2
1412,1789,4.484e-04,1,2
1413,1790,4.484e-04,1,2
1414,1791,4.484e-04,1,2
1415,1792,4.484e-04,1,2
1416,1793,4.484e-04,1,2
1417,1794,4.484e-04,1,2
1418,1795,4.484e-04,1,2
1419,1796,4.484e-04,1,2
1420,1797,4.484e-04,1,2
1421,1798,4.484e-04,1,2
1422,1799,4.484e-04,1,2
1423,1800,4.484e-04,1,2
1424,1801,4.484e-04,1,2
1425,1802,4.484e-04,1,2
1426,1803,4.484e-04,1,2
1427,1804,4.484e-04,1,2
1428,1805,4.484e-04,1,2
1429,1806,4.484e-04,1,2
1430,1807,4.484e-04,1,2
1431,1808,4.484e-04,1,2
1432,1809,4.484e-04,1,2
1433,1810,4.484e-04,1,2
1434,1811,4.484e-04,1,2
1435,1812,4.484e-04,1,2
1436,1813,4.484e-04,1,2
1437,1814,4.484e-04,1,2
1438,1815,4.484e-04,1,2
1439,1816,4.484e-04,1,2
1440,1817,4.484e-04,1,2
1441,1818,4.484e-04,1,2
1442,1819,4.484e-04,1,2
1443,1820,4.484e-04,1,2
1444,1821,4.484e-04,1,2
1445,1822,4.484e-04,1,2
1446,1823,4.484e-04,1,2
1447,1824,4.484e-04,1,2
1448,1825,4.484e-04,1,2
1449,1826,4.484e-04,1,2
1450,1827,4.484e-04,1,2
1451,1828,4.484e-04,1,2
1452,1829,4.484e-04,1,2
1453,1830,4.484e-04,1,2
1454,1831,4.484e-04,1,2
1455,1832,4.484e-04,1,2
1456,1506,4.479e-04,1,2
1457,1505,4.479e-04,0,2
1458,1507,4.479e-04,1,2
1459,1508,4.479e-04,1,2
1460,1509,4.479e-04,1,2
1461,1510,4.479e-04,1,2
1462,1511,4.479e-04,1,2
1463,1512,4.479e-04,1,2
1464,1513,4.479e-04,1,2
1465,1514,4.479e-04,1,2
1466,1515,4.479e-04,1,2
1467,1516,4.479e-04,1,2
1468,1517,4.479e-04,1,2
1469,1518,4.479e-04,1,2
1470,1519,4.479e-04,1,2
1471,1520,4.479e-04,1,2
1472,1521,4.479e-04,1,2
1473,1522,4.479e-04,1,2
1474,1523,4.479e-04,1,2
1475,1524,4.479e-04,1,2
1476,1525,4.479e-04,1,2
1477,1526,4.479e-04,1,2
1478,1527,4.479e-04,1,2
1479,1528,4.479e-04,1,2
1480,1529,4.479e-04,1,2
1481,1530,4.479e-04,1,2
1482,1531,4.479e-04,1,2
1483,1532,4.479e-04,1,2
1484,1533,4.479e-04,1,2
1485,1534,4.479e-04,1,2
1486,1535,4.479e-04,1,2
1487,1536,4.479e-04,1,2
1488,1537,4.479e-04,1,2
1489,1538,4.479e-04,1,2
1490,1539,4.479e-04,1,2
1491,1540,4.479e-04,1,2
1492,1541,4.479e-04,1,2
1493,1542,4.479e-04,1,2
1494,1543,4.479e-04,1,2
1495,1544,4.479e-04,1,2
1496,1545,4.479e-04,1,2
1497,1546,4.479e-04,1,2
1498,1547,4.479e-04,1,2
1499,1548,4.479e-04,1,2
1500,1549,4.479e-04,1,2
1501,1550,4.479e-04,1,2
1502,1551,4.479e-04,1,2
1503,1552,4.479e-04,1,2
1504,1553,4.479e-04,1,2
1505,1554,4.479e-04,1,2
1506,1555,4.479e-04,1,2
1507,1556,4.479e-04,1,2
1508,1557,4.479e-04,1,2
1509,1558,4.479e-04,1,2
1510,14,4.381e-04,0,1
1511,696,4.327e-04,1,2
1512,729,4.316e-04,1,2
1513,619,4.292e-04,1,2
1514,534,4.286e-04,1,2
1515,1121,4.261e-04,1,2
1516,1276,4.255e-04,1,2
1517,1992,4.255e-04,1,2
1518,2197,4.255e-04,1,2
1519,2248,4.255e-04,1,2
1520,2407,4.255e-04,1,2
1521,2508,4.255e-04,1,2
1522,2560,4.255e-04,1,2
1523,2611,4.255e-04,1,2
1524,586,4.253e-04,1,2
1525,670,4.253e-04,1,2
1526,847,4.253e-04,1,2
1527,1073,4.253e-04,1,2
1528,1172,4.253e-04,1,2
1529,1382,4.253e-04,1,2
1530,1666,4.253e-04,1,2
1531,1717,4.253e-04,1,2
1532,1769,4.253e-04,1,2
1533,1941,4.253e-04,1,2
1534,2043,4.253e-04,1,2
1535,2095,4.253e-04,1,2
1536,2146,4.253e-04,1,2
1537,2299,4.253e-04,1,2
1538,2459,4.253e-04,1,2
1539,2662,4.253e-04,1,2
1540,969,4.252e-04,1,2
1541,1224,4.252e-04,1,2
1542,1488,4.252e-04,1,2
1543,494,4.251e-04,1,2
1544,1022,4.251e-04,1,2
1545,2715,4.251e-04,1,2
1546,440,4.250e-04,0,2
1547,1324,4.249e-04,1,2
1548,1436,4.249e-04,1,2
1549,1615,4.248e-04,1,2
1550,796,4.247e-04,1,2
1551,2356,4.247e-04,1,2
1552,1890,4.246e-04,1,2
1553,697,4.244e-04,1,2
1554,915,4.244e-04,1,2
1555,2746,4.243e-04,0,2
1556,1833,4.239e-04,1,2
1557,730,4.234e-04,1,2
1558,1559,4.234e-04,1,2
1559,620,4.212e-04,1,2
1560,535,4.206e-04,1,2
1561,1122,4.183e-04,1,2
1562,1277,4.177e-04,1,2
1563,1993,4.177e-04,1,2
1564,2198,4.177e-04,1,2
1565,2249,4.177e-04,1,2
1566,2408,4.177e-04,1,2
1567,2509,4.177e-04,1,2
1568,2561,4.177e-04,1,2
1569,2612,4.177e-04,1,2
1570,587,4.175e-04,1,2
1571,671,4.175e-04,1,2
1572,848,4.175e-04,1,2
1573,1074,4.175e-04,1,2
1574,1173,4.175e-04,1,2
1575,1383,4.175e-04,1,2
1576,1667,4.175e-04,1,2
1577,1718,4.175e-04,1,2
1578,1770,4.175e-04,1,2
1579,1942,4.175e-04,1,2
1580,2044,4.175e-04,1,2
1581,2096,4.175e-04,1,2
1582,2147,4.175e-04,1,2
1583,2300,4.175e-04,1,2
1584,2460,4.175e-04,1,2
1585,2663,4.175e-04,1,2
1586,970,4.174e-04,1,2
1587,1225,4.174e-04,1,2
1588,1489,4.174e-04,1,2
1589,425,4.173e-04,0,2
1590,495,4.173e-04,1,2
1591,1023,4.173e-04,1,2
1592,2716,4.173e-04,1,2
1593,1325,4.172e-04,1,2
1594,1437,4.172e-04,1,2
1595,1616,4.170e-04,1,2
1596,797,4.169e-04,1,2
1597,2357,4.169e-04,1,2
1598,1891,4.168e-04,1,2
1599,916,4.166e-04,1,2
1600,698,4.166e-04,1,2
1601,1834,4.162e-04,1,2
1602,441,4.159e-04,1,2
1603,1560,4.157e-04,1,2
1604,731,4.156e-04,1,2
1605,621,4.134e-04,1,2
1606,536,4.128e-04,1,2
1607,1123,4.105e-04,1,2
1608,1278,4.100e-04,1,2
1609,1994,4.100e-04,1,2
1610,2199,4.100e-04,1,2
1611,2250,4.100e-04,1,2
1612,2409,4.100e-04,1,2
1613,2510,4.100e-04,1,2
1614,2562,4.100e-04,1,2
1615,2613,4.100e-04,1,2
1616,588,4.098e-04,1,2
1617,672,4.098e-04,1,2
1618,849,4.098e-04,1,2
1619,1075,4.098e-04,1,2
1620,1174,4.098e-04,1,2
1621,1384,4.098e-04,1,2
1622,1668,4.098e-04,1,2
1623,1719,4.098e-04,1,2
1624,1771,4.098e-04,1,2
1625,1943,4.098e-04,1,2
1626,2045,4.098e-04,1,2
1627,2097,4.098e-04,1,2
1628,2148,4.098e-04,1,2
1629,2301,4.098e-04,1,2
1630,2461,4.098e-04,1,2
1631,2664,4.098e-04,1,2
1632,971,4.097e-04,1,2
1633,1226,4.097e-04,1,2
1634,1490,4.097e-04,1,2
1635,496,4.096e-04,1,2
1636,1024,4.096e-04,1,2
1637,2717,4.096e-04,1,2
1638,1326,4.095e-04,1,2
1639,1438,4.095e-04,1,2
1640,1617,4.093e-04,1,2
1641,798,4.092e-04,1,2
1642,2358,4.092e-04,1,2
1643,1892,4.091e-04,1,2
1644,917,4.089e-04,1,2
1645,1835,4.085e-04,1,2
1646,1561,4.080e-04,1,2
1647,699,4.076e-04,1,2
1648,426,4.067e-04,1,2
1649,732,4.067e-04,1,2
1650,392,4.058e-04,0,8
1651,442,4.053e-04,1,2
1652,622,4.045e-04,1,2
1653,537,4.040e-04,1,2
1654,59,4.037e-04,0,9
1655,1124,4.018e-04,1,2
1656,1279,4.012e-04,1,2
1657,1995,4.012e-04,1,2
1658,2200,4.012e-04,1,2
1659,2251,4.012e-04,1,2
1660,2410,4.012e-04,1,2
1661,2511,4.012e-04,1,2
1662,2563,4.012e-04,1,2
1663,2614,4.012e-04,1,2
1664,589,4.011e-04,1,2
1665,673,4.011e-04,1,2
1666,850,4.011e-04,1,2
1667,1076,4.011e-04,1,2
1668,1175,4.011e-04,1,2
1669,1385,4.011e-04,1,2
1670,1669,4.011e-04,1,2
1671,1720,4.011e-04,1,2
1672,1772,4.011e-04,1,2
1673,1944,4.011e-04,1,2
1674,2046,4.011e-04,1,2
1675,2098,4.011e-04,1,2
1676,2149,4.011e-04,1,2
1677,2302,4.011e-04,1,2
1678,2462,4.011e-04,1,2
1679,2665,4.011e-04,1,2
1680,972,4.009e-04,1,2
1681,1227,4.009e-04,1,2
1682,1491,4.009e-04,1,2
1683,497,4.008e-04,1,2
1684,1025,4.008e-04,1,2
1685,2718,4.008e-04,1,2
1686,1327,4.007e-04,1,2
1687,1439,4.007e-04,1,2
1688,1618,4.006e-04,1,2
1689,799,4.005e-04,1,2
1690,2359,4.005e-04,1,2
1691,1893,4.004e-04,1,2
1692,918,4.002e-04,1,2
1693,1836,3.997e-04,1,2
1694,1562,3.993e-04,1,2
1695,700,3.973e-04,1,2
1696,733,3.964e-04,1,2
1697,427,3.945e-04,1,2
1698,623,3.943e-04,1,2
1699,538,3.937e-04,1,2
1700,443,3.931e-04,1,2
1701,1125,3.916e-04,1,2
1702,1280,3.910e-04,1,2
1703,1996,3.910e-04,1,2
1704,2201,3.910e-04,1,2
1705,2252,3.910e-04,1,2
1706,2411,3.910e-04,1,2
1707,2512,3.910e-04,1,2
1708,2564,3.910e-04,1,2
1709,2615,3.910e-04,1,2
1710,590,3.909e-04,1,2
1711,674,3.909e-04,1,2
1712,851,3.909e-04,1,2
1713,1077,3.909e-04,1,2
1714,1176,3.909e-04,1,2
1715,1386,3.909e-04,1,2
1716,1670,3.909e-04,1,2
1717,1721,3.909e-04,1,2
1718,1773,3.909e-04,1,2
1719,1945,3.909e-04,1,2
1720,2047,3.909e-04,1,2
1721,2099,3.909e-04,1,2
1722,2150,3.909e-04,1,2
1723,2303,3.909e-04,1,2
1724,2463,3.909e-04,1,2
1725,2666,3.909e-04,1,2
1726,973,3.908e-04,1,2
1727,1228,3.908e-04,1,2
1728,1492,3.908e-04,1,2
1729,498,3.906e-04,1,2
1730,1026,3.906e-04,1,2
1731,2719,3.906e-04,1,2
1732,1328,3.905e-04,1,2
1733,1440,3.905e-04,1,2
1734,1619,3.904e-04,1,2
1735,800,3.903e-04,1,2
1736,2360,3.903e-04,1,2
1737,1894,3.902e-04,1,2
1738,919,3.900e-04,1,2
1739,1837,3.896e-04,1,2
1740,1563,3.892e-04,1,2
1741,2740,3.889e-04,0,2
1742,2747,3.889e-04,1,2
1743,2834,3.875e-04,6,6
1744,37,3.873e-04,2,18
1745,2849,3.857e-04,3,27
1746,701,3.854e-04,1,2
1747,734,3.845e-04,1,2
1748,624,3.824e-04,1,2
1749,539,3.819e-04,1,2
1750,428,3.803e-04,1,2
1751,1126,3.798e-04,1,2
1752,1281,3.793e-04,1,2
1753,1997,3.793e-04,1,2
1754,2202,3.793e-04,1,2
1755,2253,3.793e-04,1,2
1756,2412,3.793e-04,1,2
1757,2513,3.793e-04,1,2
1758,2565,3.793e-04,1,2
1759,2616,3.793e-04,1,2
1760,591,3.791e-04,1,2
1761,675,3.791e-04,1,2
1762,852,3.791e-04,1,2
1763,1078,3.791e-04,1,2
1764,1177,3.791e-04,1,2
1765,1387,3.791e-04,1,2
1766,1671,3.791e-04,1,2
1767,1722,3.791e-04,1,2
1768,1774,3.791e-04,1,2
1769,1946,3.791e-04,1,2
1770,2048,3.791e-04,1,2
1771,2100,3.791e-04,1,2
1772,2151,3.791e-04,1,2
1773,2304,3.791e-04,1,2
1774,2464,3.791e-04,1,2
1775,2667,3.791e-04,1,2
1776,974,3.790e-04,1,2
1777,1229,3.790e-04,1,2
1778,1493,3.790e-04,1,2
1779,444,3.790e-04,1,2
1780,499,3.789e-04,1,2
1781,1027,3.789e-04,1,2
1782,2720,3.789e-04,1,2
1783,1329,3.788e-04,1,2
1784,1441,3.788e-04,1,2
1785,1620,3.787e-04,1,2
1786,801,3.786e-04,1,2
1787,2361,3.786e-04,1,2
1788,1895,3.785e-04,1,2
1789,920,3.783e-04,1,2
1790,1838,3.779e-04,1,2
1791,1564,3.775e-04,1,2
1792,702,3.715e-04,1,2
1793,746,3.709e-04,0,2
1794,735,3.706e-04,1,2
1795,625,3.687e-04,1,2
1796,540,3.682e-04,1,2
1797,1127,3.661e-04,1,2
1798,1282,3.656e-04,1,2
1799,1998,3.656e-04,1,2
1800,2203,3.656e-04,1,2
1801,2254,3.656e-04,1,2
1802,2413,3.656e-04,1,2
1803,2514,3.656e-04,1,2
1804,2566,3.656e-04,1,2
1805,2617,3.656e-04,1,2
1806,592,3.655e-04,1,2
1807,676,3.655e-04,1,2
1808,853,3.655e-04,1,2
1809,1079,3.655e-04,1,2
1810,1178,3.655e-04,1,2
1811,1388,3.655e-04,1,2
1812,1672,3.655e-04,1,2
1813,1723,3.655e-04,1,2
1814,1775,3.655e-04,1,2
1815,1947,3.655e-04,1,2
1816,2049,3.655e-04,1,2
1817,2101,3.655e-04,1,2
1818,2152,3.655e-04,1,2
1819,2305,3.655e-04,1,2
1820,2465,3.655e-04,1,2
1821,2668,3.655e-04,1,2
1822,975,3.654e-04,1,2
1823,1230,3.654e-04,1,2
1824,1494,3.654e-04,1,2
1825,500,3.653e-04,1,2
1826,1028,3.653e-04,1,2
1827,2721,3.653e-04,1,2
1828,1330,3.652e-04,1,2
1829,1442,3.652e-04,1,2
1830,1621,3.651e-04,1,2
1831,802,3.650e-04,1,2
1832,2362,3.650e-04,1,2
1833,1896,3.649e-04,1,2
1834,921,3.647e-04,1,2
1835,1839,3.643e-04,1,2
1836,1565,3.639e-04,1,2
1837,429,3.637e-04,1,2
1838,445,3.624e-04,1,2
1839,2871,3.594e-04,1,13
1840,703,3.553e-04,1,2
1841,736,3.545e-04,1,2
1842,626,3.526e-04,1,2
1843,541,3.521e-04,1,2
1844,747,3.511e-04,1,2
1845,1128,3.502e-04,1,2
1846,1283,3.497e-04,1,2
1847,1999,3.497e-04,1,2
1848,2204,3.497e-04,1,2
1849,2255,3.497e-04,1,2
1850,2414,3.497e-04,1,2
1851,2515,3.497e-04,1,2
1852,2567,3.497e-04,1,2
1853,2618,3.497e-04,1,2
1854,593,3.496e-04,1,2
1855,677,3.496e-04,1,2
1856,854,3.496e-04,1,2
1857,1080,3.496e-04,1,2
1858,1179,3.496e-04,1,2
1859,1389,3.496e-04,1,2
1860,1673,3.496e-04,1,2
1861,1724,3.496e-04,1,2
1862,1776,3.496e-04,1,2
1863,1948,3.496e-04,1,2
1864,2050,3.496e-04,1,2
1865,2102,3.496e-04,1,2
1866,2153,3.496e-04,1,2
1867,2306,3.496e-04,1,2
1868,2466,3.496e-04,1,2
1869,2669,3.496e-04,1,2
1870,976,3.494e-04,1,2
1871,1231,3.494e-04,1,2
1872,1495,3.494e-04,1,2
1873,501,3.493e-04,1,2
1874,1029,3.493e-04,1,2
1875,2722,3.493e-04,1,2
1876,1331,3.492e-04,1,2
1877,1443,3.492e-04,1,2
1878,1622,3.491e-04,1,2
1879,803,3.491e-04,1,2
1880,2363,3.491e-04,1,2
1881,1897,3.490e-04,1,2
1882,922,3.488e-04,1,2
1883,1840,3.484e-04,1,2
1884,1566,3.480e-04,1,2
1885,2741,3.473e-04,1,2
1886,2748,3.473e-04,1,2
1887,21,3.471e-04,2,15
1888,430,3.443e-04,1,2
1889,446,3.431e-04,1,2
1890,389,3.392e-04,13,9
1891,704,3.363e-04,1,2
1892,737,3.355e-04,1,2
1893,627,3.338e-04,1,2
1894,542,3.333e-04,1,2
1895,1129,3.315e-04,1,2
1896,1284,3.310e-04,1,2
1897,2000,3.310e-04,1,2
1898,2205,3.310e-04,1,2
1899,2256,3.310e-04,1,2
1900,2415,3.310e-04,1,2
1901,2516,3.310e-04,1,2
1902,2568,3.310e-04,1,2
1903,2619,3.310e-04,1,2
1904,594,3.309e-04,1,2
1905,678,3.309e-04,1,2
1906,855,3.309e-04,1,2
1907,1081,3.309e-04,1,2
1908,1180,3.309e-04,1,2
1909,1390,3.309e-04,1,2
1910,1674,3.309e-04,1,2
1911,1725,3.309e-04,1,2
1912,1777,3.309e-04,1,2
1913,1949,3.309e-04,1,2
1914,2051,3.309e-04,1,2
1915,2103,3.309e-04,1,2
1916,2154,3.309e-04,1,2
1917,2307,3.309e-04,1,2
1918,2467,3.309e-04,1,2
1919,2670,3.309e-04,1,2
1920,977,3.308e-04,1,2
1921,1232,3.308e-04,1,2
1922,1496,3.308e-04,1,2
1923,502,3.307e-04,1,2
1924,1030,3.307e-04,1,2
1925,2723,3.307e-04,1,2
1926,1332,3.306e-04,1,2
1927,1444,3.306e-04,1,2
1928,1623,3.305e-04,1,2
1929,804,3.304e-04,1,2
1930,2364,3.304e-04,1,2
1931,1898,3.303e-04,1,2
1932,923,3.302e-04,1,2
1933,1841,3.298e-04,1,2
1934,1567,3.295e-04,1,2
1935,748,3.278e-04,1,2
1936,314,3.244e-04,8,9
1937,2912,3.236e-04,1,8
1938,431,3.215e-04,1,2
1939,447,3.204e-04,1,2
1940,2850,3.181e-04,4,26
1941,60,3.150e-04,2,9
1942,705,3.141e-04,1,2
1943,738,3.133e-04,1,2
1944,628,3.117e-04,1,2
1945,543,3.112e-04,1,2
1946,1130,3.095e-04,1,2
1947,1285,3.091e-04,1,2
1948,2001,3.091e-04,1,2
1949,2206,3.091e-04,1,2
1950,2257,3.091e-04,1,2
1951,2416,3.091e-04,1,2
1952,2517,3.091e-04,1,2
1953,2569,3.091e-04,1,2
1954,2620,3.091e-04,1,2
1955,595,3.090e-04,1,2
1956,679,3.090e-04,1,2
1957,856,3.090e-04,1,2
1958,1082,3.090e-04,1,2
1959,1181,3.090e-04,1,2
1960,1391,3.090e-04,1,2
1961,1675,3.090e-04,1,2
1962,1726,3.090e-04,1,2
1963,1778,3.090e-04,1,2
1964,1950,3.090e-04,1,2
1965,2052,3.090e-04,1,2
1966,2104,3.090e-04,1,2
1967,2155,3.090e-04,1,2
1968,2308,3.090e-04,1,2
1969,2468,3.090e-04,1,2
1970,2671,3.090e-04,1,2
1971,978,3.089e-04,1,2
1972,1233,3.089e-04,1,2
1973,1497,3.089e-04,1,2
1974,503,3.088e-04,1,2
1975,1031,3.088e-04,1,2
1976,2724,3.088e-04,1,2
1977,1333,3.087e-04,1,2
1978,1340,3.087e-04,0,2
1979,1445,3.087e-04,1,2
1980,1624,3.086e-04,1,2
1981,805,3.086e-04,1,2
1982,2365,3.086e-04,1,2
1983,1899,3.085e-04,1,2
1984,924,3.083e-04,1,2
1985,1842,3.080e-04,1,2
1986,1568,3.076e-04,1,2
1987,309,3.019e-04,7,9
1988,38,3.018e-04,3,17
1989,749,3.005e-04,1,2
1990,2742,2.984e-04,1,2
1991,2749,2.984e-04,1,2
1992,3014,2.967e-04,34,9
1993,2735,2.965e-04,3,5
1994,432,2.947e-04,1,2
1995,448,2.937e-04,1,2
1996,43,2.935e-04,9,13
1997,706,2.879e-04,1,2
1998,739,2.872e-04,1,2
1999,407,2.861e-04,0,4
2000,629,2.857e-04,1,2
2001,544,2.853e-04,1,2
2002,1131,2.838e-04,1,2
2003,1286,2.834e-04,1,2
2004,2002,2.834e-04,1,2
2005,2207,2.834e-04,1,2
2006,2258,2.834e-04,1,2
2007,2417,2.834e-04,1,2
2008,2518,2.834e-04,1,2
2009,2570,2.834e-04,1,2
2010,2621,2.834e-04,1,2
2011,596,2.833e-04,1,2
2012,680,2.833e-04,1,2
2013,857,2.833e-04,1,2
2014,1083,2.833e-04,1,2
2015,1182,2.833e-04,1,2
2016,1392,2.833e-04,1,2
2017,1676,2.833e-04,1,2
2018,1727,2.833e-04,1,2
2019,1779,2.833e-04,1,2
2020,1951,2.833e-04,1,2
2021,2053,2.833e-04,1,2
2022,2105,2.833e-04,1,2
2023,2156,2.833e-04,1,2
2024,2309,2.833e-04,1,2
2025,2469,2.833e-04,1,2
2026,2672,2.833e-04,1,2
2027,979,2.832e-04,1,2
2028,1234,2.832e-04,1,2
2029,1498,2.832e-04,1,2
2030,504,2.831e-04,1,2
2031,1032,2.831e-04,1,2
2032,2725,2.831e-04,1,2
2033,1334,2.830e-04,1,2
2034,1341,2.830e-04,1,2
2035,1446,2.830e-04,1,2
2036,1625,2.829e-04,1,2
2037,806,2.829e-04,1,2
2038,2366,2.829e-04,1,2
2039,1900,2.828e-04,1,2
2040,925,2.826e-04,1,2
2041,1843,2.823e-04,1,2
2042,1569,2.820e-04,1,2
2043,247,2.775e-04,0,1
2044,2851,2.719e-04,5,25
2045,750,2.684e-04,1,2
2046,2913,2.671e-04,2,8
2047,433,2.632e-04,1,2
2048,449,2.623e-04,1,2
2049,707,2.571e-04,1,2
2050,740,2.565e-04,1,2
2051,390,2.554e-04,14,9
2052,630,2.552e-04,1,2
2053,545,2.548e-04,1,2
2054,1132,2.534e-04,1,2
2055,1287,2.531e-04,1,2
2056,2003,2.531e-04,1,2
2057,2208,2.531e-04,1,2
2058,2259,2.531e-04,1,2
2059,2418,2.531e-04,1,2
2060,2519,2.531e-04,1,2
2061,2571,2.531e-04,1,2
2062,2622,2.531e-04,1,2
2063,597,2.530e-04,1,2
2064,681,2.530e-04,1,2
2065,858,2.530e-04,1,2
2066,1084,2.530e-04,1,2
2067,1183,2.530e-04,1,2
2068,1393,2.530e-04,1,2
2069,1677,2.530e-04,1,2
2070,1728,2.530e-04,1,2
2071,1780,2.530e-04,1,2
2072,1952,2.530e-04,1,2
2073,2054,2.530e-04,1,2
2074,2106,2.530e-04,1,2
2075,2157,2.530e-04,1,2
2076,2310,2.530e-04,1,2
2077,2470,2.530e-04,1,2
2078,2673,2.530e-04,1,2
2079,980,2.529e-04,1,2
2080,1235,2.529e-04,1,2
2081,1499,2.529e-04,1,2
2082,505,2.528e-04,1,2
2083,1033,2.528e-04,1,2
2084,2726,2.528e-04,1,2
2085,1335,2.528e-04,1,2
2086,1342,2.528e-04,1,2
2087,1447,2.528e-04,1,2
2088,1626,2.527e-04,1,2
2089,807,2.526e-04,1,2
2090,2367,2.526e-04,1,2
2091,1901,2.526e-04,1,2
2092,926,2.524e-04,1,2
2093,2872,2.522e-04,2,12
2094,1844,2.522e-04,1,2
2095,1570,2.519e-04,1,2
2096,2940,2.494e-04,0,3
2097,39,2.489e-04,4,16
2098,2963,2.454e-04,6,8
2099,2743,2.409e-04,1,2
2100,2750,2.409e-04,1,2
2101,2959,2.395e-04,2,8
2102,58,2.391e-04,0,1
2103,70,2.391e-04,0,1
2104,22,2.385e-04,3,13
2105,2852,2.382e-04,6,24
2106,751,2.307e-04,1,2
2107,434,2.262e-04,1,2
2108,450,2.254e-04,1,2
2109,17,2.222e-04,1,1
2110,72,2.222e-04,0,1
2111,708,2.209e-04,1,2
2112,741,2.204e-04,1,2
2113,393,2.193e-04,1,7
2114,631,2.193e-04,1,2
2115,546,2.190e-04,1,2
2116,2992,2.185e-04,2,4
2117,1133,2.178e-04,1,2
2118,1288,2.175e-04,1,2
2119,2004,2.175e-04,1,2
2120,2209,2.175e-04,1,2
2121,2260,2.175e-04,1,2
2122,2419,2.175e-04,1,2
2123,2520,2.175e-04,1,2
2124,2572,2.175e-04,1,2
2125,2623,2.175e-04,1,2
2126,598,2.174e-04,1,2
2127,682,2.174e-04,1,2
2128,859,2.174e-04,1,2
2129,1085,2.174e-04,1,2
2130,1184,2.174e-04,1,2
2131,1394,2.174e-04,1,2
2132,1678,2.174e-04,1,2
2133,1729,2.174e-04,1,2
2134,1781,2.174e-04,1,2
2135,1953,2.174e-04,1,2
2136,2055,2.174e-04,1,2
2137,2107,2.174e-04,1,2
2138,2158,2.174e-04,1,2
2139,2311,2.174e-04,1,2
2140,2471,2.174e-04,1,2
2141,2674,2.174e-04,1,2
2142,981,2.173e-04,1,2
2143,1236,2.173e-04,1,2
2144,1500,2.173e-04,1,2
2145,506,2.173e-04,1,2
2146,1034,2.173e-04,1,2
2147,2727,2.173e-04,1,2
2148,1336,2.172e-04,1,2
2149,1343,2.172e-04,1,2
2150,1448,2.172e-04,1,2
2151,1627,2.171e-04,1,2
2152,808,2.171e-04,1,2
2153,2368,2.171e-04,1,2
2154,1902,2.170e-04,1,2
2155,927,2.169e-04,1,2
2156,1845,2.167e-04,1,2
2157,1571,2.164e-04,1,2
2158,2799,2.149e-04,2,3
2159,2794,2.137e-04,2,2
2160,40,2.127e-04,5,15
2161,2853,2.124e-04,7,23
2162,2733,2.093e-04,2,3
2163,92,2.075e-04,0,1
2164,4,2.028e-04,2,8
2165,71,1.990e-04,0,1
2166,2991,1.973e-04,2,3
2167,23,1.967e-04,4,12
2168,2873,1.965e-04,3,11
2169,2909,1.949e-04,1,3
2170,73,1.940e-04,0,1
2171,2854,1.920e-04,8,22
2172,2997,1.899e-04,0,5
2173,61,1.894e-04,2,7
2174,41,1.863e-04,6,14
2175,752,1.862e-04,1,2
2176,435,1.826e-04,1,2
2177,2918,1.821e-04,4,6
2178,451,1.820e-04,1,2
2179,3004,1.800e-04,0,2
2180,241,1.796e-04,0,1
2181,709,1.784e-04,1,2
2182,742,1.780e-04,1,2
2183,632,1.770e-04,1,2
2184,547,1.768e-04,1,2
2185,248,1.764e-04,0,1
2186,1134,1.758e-04,1,2
2187,1289,1.756e-04,1,2
2188,2005,1.756e-04,1,2
2189,2210,1.756e-04,1,2
2190,2261,1.756e-04,1,2
2191,2420,1.756e-04,1,2
2192,2521,1.756e-04,1,2
2193,2573,1.756e-04,1,2
2194,2624,1.756e-04,1,2
2195,599,1.755e-04,1,2
2196,683,1.755e-04,1,2
2197,860,1.755e-04,1,2
2198,1086,1.755e-04,1,2
2199,1185,1.755e-04,1,2
2200,1395,1.755e-04,1,2
2201,1679,1.755e-04,1,2
2202,1730,1.755e-04,1,2
2203,1782,1.755e-04,1,2
2204,1954,1.755e-04,1,2
2205,2056,1.755e-04,1,2
2206,2108,1.755e-04,1,2
2207,2159,1.755e-04,1,2
2208,2312,1.755e-04,1,2
2209,2472,1.755e-04,1,2
2210,2675,1.755e-04,1,2
2211,982,1.754e-04,1,2
2212,1237,1.754e-04,1,2
2213,1501,1.754e-04,1,2
2214,2855,1.754e-04,9,21
2215,507,1.754e-04,1,2
2216,1035,1.754e-04,1,2
2217,2728,1.754e-04,1,2
2218,1337,1.753e-04,1,2
2219,1344,1.753e-04,1,2
2220,1449,1.753e-04,1,2
2221,1628,1.753e-04,1,2
2222,809,1.752e-04,1,2
2223,2369,1.752e-04,1,2
2224,1903,1.752e-04,1,2
2225,928,1.751e-04,1,2
2226,1846,1.749e-04,1,2
2227,1572,1.747e-04,1,2
2228,2744,1.733e-04,1,2
2229,2751,1.733e-04,1,2
2230,2874,1.721e-04,6,10
2231,24,1.681e-04,5,11
2232,42,1.662e-04,7,13
2233,331,1.652e-04,1,2
2234,2916,1.637e-04,3,6
2235,74,1.626e-04,0,1
2236,75,1.626e-04,0,1
2237,77,1.626e-04,0,1
2238,151,1.626e-04,0,1
2239,152,1.626e-04,0,1
2240,153,1.626e-04,0,1
2241,2856,1.617e-04,10,20
2242,242,1.617e-04,0,1
2243,243,1.617e-04,0,1
2244,85,1.590e-04,0,1
2245,87,1.590e-04,0,1
2246,88,1.590e-04,0,1
2247,89,1.590e-04,0,1
2248,90,1.590e-04,0,1
2249,91,1.590e-04,0,1
2250,93,1.590e-04,0,1
2251,94,1.590e-04,0,1
2252,95,1.590e-04,0,1
2253,96,1.590e-04,0,1
2254,97,1.590e-04,0,1
2255,98,1.590e-04,0,1
2256,99,1.590e-04,0,1
2257,100,1.590e-04,0,1
2258,101,1.590e-04,0,1
2259,231,1.584e-04,0,1
2260,5,1.580e-04,3,7
2261,230,1.579e-04,0,1
2262,415,1.575e-04,0,3
2263,232,1.567e-04,0,1
2264,2793,1.567e-04,0,1
2265,2796,1.567e-04,0,1
2266,2797,1.567e-04,0,1
2267,2798,1.567e-04,0,1
2268,211,1.561e-04,0,1
2269,2936,1.559e-04,0,2
2270,408,1.546e-04,1,3
2271,394,1.539e-04,2,6
2272,212,1.511e-04,0,1
2273,2732,1.511e-04,0,1
2274,2964,1.509e-04,0,1
2275,2753,1.507e-04,2,2
2276,2755,1.507e-04,2,2
2277,2757,1.507e-04,2,2
2278,2760,1.507e-04,2,2
2279,2857,1.501e-04,11,19
2280,3017,1.499e-04,17,3
2281,2921,1.482e-04,8,4
2282,3015,1.478e-04,9,4
2283,62,1.476e-04,3,6
2284,25,1.473e-04,6,10
2285,2875,1.471e-04,5,9
2286,3013,1.463e-04,3,5
2287,2818,1.423e-04,101,3
2288,2859,1.409e-04,13,18
2289,2941,1.348e-04,1,2
2290,395,1.348e-04,6,5
2291,249,1.347e-04,0,1
2292,2820,1.341e-04,14,2
2293,753,1.339e-04,1,2
2294,2842,1.323e-04,1,2
2295,2860,1.322e-04,13,17
2296,26,1.313e-04,7,9
2297,436,1.313e-04,1,2
2298,213,1.312e-04,0,1
2299,214,1.312e-04,0,1
2300,215,1.312e-04,0,1
2301,216,1.312e-04,0,1
2302,452,1.309e-04,1,2
2303,6,1.303e-04,4,6
2304,2876,1.289e-04,6,8
2305,710,1.283e-04,1,2
2306,743,1.280e-04,1,2
2307,410,1.278e-04,4,3
2308,633,1.273e-04,1,2
2309,548,1.271e-04,1,2
2310,44,1.265e-04,9,11
2311,1135,1.264e-04,1,2
2312,1290,1.263e-04,1,2
2313,2006,1.263e-04,1,2
2314,2211,1.263e-04,1,2
2315,2262,1.263e-04,1,2
2316,2421,1.263e-04,1,2
2317,2522,1.263e-04,1,2
2318,2574,1.263e-04,1,2
2319,2625,1.263e-04,1,2
2320,600,1.262e-04,1,2
2321,684,1.262e-04,1,2
2322,861,1.262e-04,1,2
2323,1087,1.262e-04,1,2
2324,1186,1.262e-04,1,2
2325,1396,1.262e-04,1,2
2326,1680,1.262e-04,1,2
2327,1731,1.262e-04,1,2
2328,1783,1.262e-04,1,2
2329,1955,1.262e-04,1,2
2330,2057,1.262e-04,1,2
2331,2109,1.262e-04,1,2
2332,2160,1.262e-04,1,2
2333,2313,1.262e-04,1,2
2334,2473,1.262e-04,1,2
2335,2676,1.262e-04,1,2
2336,983,1.262e-04,1,2
2337,1238,1.262e-04,1,2
2338,1502,1.262e-04,1,2
2339,508,1.261e-04,1,2
2340,1036,1.261e-04,1,2
2341,2729,1.261e-04,1,2
2342,1338,1.261e-04,1,2
2343,1345,1.261e-04,1,2
2344,1450,1.261e-04,1,2
2345,1629,1.261e-04,1,2
2346,810,1.260e-04,1,2
2347,2370,1.260e-04,1,2
2348,1904,1.260e-04,1,2
2349,929,1.259e-04,1,2
2350,1847,1.258e-04,1,2
2351,1573,1.257e-04,1,2
2352,715,1.252e-04,1,1
2353,2861,1.246e-04,14,16
2354,2765,1.241e-04,3,1
2355,2767,1.241e-04,3,1
2356,2771,1.241e-04,3,1
2357,2773,1.241e-04,3,1
2358,2775,1.241e-04,3,1
2359,2777,1.241e-04,3,1
2360,2779,1.241e-04,3,1
2361,2782,1.241e-04,3,1
2362,2784,1.241e-04,3,1
2363,2786,1.241e-04,3,1
2364,2788,1.241e-04,3,1
2365,2791,1.241e-04,3,1
2366,2802,1.241e-04,3,1
2367,2806,1.241e-04,3,1
2368,2838,1.241e-04,3,1
2369,2891,1.241e-04,5,1
2370,3005,1.241e-04,1,1
2371,416,1.227e-04,3,2
2372,239,1.220e-04,0,1
2373,2830,1.220e-04,0,1
2374,2831,1.220e-04,0,1
2375,2832,1.220e-04,0,1
2376,2833,1.220e-04,0,1
2377,63,1.217e-04,4,5
2378,2845,1.204e-04,2,2
2379,27,1.187e-04,8,8
2380,244,1.183e-04,0,1
2381,2862,1.180e-04,15,15
2382,45,1.166e-04,10,10
2383,57,1.157e-04,14,3
2384,154,1.153e-04,0,1
2385,155,1.153e-04,0,1
2386,2877,1.149e-04,7,7
2387,78,1.148e-04,0,1
2388,84,1.148e-04,0,1
2389,2942,1.146e-04,2,2
2390,405,1.135e-04,2,2
2391,406,1.135e-04,2,2
2392,250,1.133e-04,0,1
2393,83,1.131e-04,0,1
2394,303,1.123e-04,1,1
2395,304,1.123e-04,1,1
2396,307,1.123e-04,1,1
2397,402,1.123e-04,1,1
2398,403,1.123e-04,1,1
2399,404,1.123e-04,1,1
2400,157,1.123e-04,0,1
2401,308,1.122e-04,2,2
2402,318,1.122e-04,2,2
2403,2863,1.120e-04,16,14
2404,7,1.114e-04,5,5
2405,2843,1.112e-04,1,1
2406,2844,1.112e-04,1,1
2407,245,1.112e-04,0,1
2408,2829,1.112e-04,1,1
2409,396,1.112e-04,4,4
2410,3016,1.099e-04,10,3
2411,2946,1.093e-04,0,2
2412,409,1.085e-04,2,2
2413,28,1.085e-04,9,7
2414,46,1.082e-04,11,9
2415,18,1.082e-04,1,1
2416,315,1.082e-04,2,1
2417,322,1.082e-04,1,1
2418,324,1.082e-04,1,1
2419,327,1.082e-04,1,1
2420,328,1.082e-04,1,1
2421,329,1.082e-04,1,1
2422,330,1.082e-04,1,1
2423,333,1.082e-04,1,1
2424,334,1.082e-04,1,1
2425,335,1.082e-04,1,1
2426,336,1.082e-04,1,1
2427,337,1.082e-04,1,1
2428,338,1.082e-04,1,1
2429,339,1.082e-04,1,1
2430,340,1.082e-04,1,1
2431,341,1.082e-04,1,1
2432,102,1.082e-04,0,1
2433,325,1.082e-04,0,1
2434,326,1.082e-04,0,1
2435,2920,1.069e-04,5,4
2436,2864,1.067e-04,17,13
2437,319,1.060e-04,0,2
2438,64,1.040e-04,5,4
2439,2878,1.039e-04,8,6
2440,79,1.038e-04,0,1
2441,270,1.037e-04,0,1
2442,271,1.037e-04,0,1
2443,3026,1.037e-04,13,1
2444,3010,1.028e-04,0,4
2445,218,1.023e-04,0,1
2446,219,1.023e-04,0,1
2447,220,1.023e-04,0,1
2448,221,1.023e-04,0,1
2449,222,1.023e-04,0,1
2450,223,1.023e-04,0,1
2451,224,1.023e-04,0,1
2452,225,1.023e-04,0,1
2453,226,1.023e-04,0,1
2454,227,1.023e-04,0,1
2455,228,1.023e-04,0,1
2456,229,1.023e-04,0,1
2457,233,1.023e-04,0,1
2458,234,1.023e-04,0,1
2459,240,1.023e-04,0,1
2460,119,1.022e-04,0,1
2461,160,1.019e-04,0,1
2462,2926,1.019e-04,0,1
2463,2865,1.019e-04,18,12
2464,82,1.016e-04,0,1
2465,47,1.011e-04,12,8
2466,251,1.008e-04,0,1
2467,29,9.998e-05,10,6
2468,2938,9.882e-05,0,1
2469,8,9.757e-05,6,4
2470,2866,9.751e-05,19,11
2471,2951,9.598e-05,1,3
2472,80,9.563e-05,0,1
2473,86,9.563e-05,0,1
2474,103,9.563e-05,0,1
2475,104,9.563e-05,0,1
2476,106,9.563e-05,0,1
2477,107,9.563e-05,0,1
2478,108,9.563e-05,0,1
2479,109,9.563e-05,0,1
2480,110,9.563e-05,0,1
2481,111,9.563e-05,0,1
2482,112,9.563e-05,0,1
2483,113,9.563e-05,0,1
2484,114,9.563e-05,0,1
2485,115,9.563e-05,0,1
2486,116,9.563e-05,0,1
2487,117,9.563e-05,0,1
2488,118,9.563e-05,0,1
2489,120,9.563e-05,0,1
2490,121,9.563e-05,0,1
2491,122,9.563e-05,0,1
2492,123,9.563e-05,0,1
2493,125,9.563e-05,0,1
2494,126,9.563e-05,0,1
2495,127,9.563e-05,0,1
2496,128,9.563e-05,0,1
2497,129,9.563e-05,0,1
2498,130,9.563e-05,0,1
2499,131,9.563e-05,0,1
2500,132,9.563e-05,0,1
2501,133,9.563e-05,0,1
2502,134,9.563e-05,0,1
2503,135,9.563e-05,0,1
2504,137,9.563e-05,0,1
2505,138,9.563e-05,0,1
2506,139,9.563e-05,0,1
2507,140,9.563e-05,0,1
2508,141,9.563e-05,0,1
2509,142,9.563e-05,0,1
2510,143,9.563e-05,0,1
2511,144,9.563e-05,0,1
2512,145,9.563e-05,0,1
2513,146,9.563e-05,0,1
2514,158,9.563e-05,0,1
2515,161,9.563e-05,0,1
2516,422,9.563e-05,4,1
2517,257,9.563e-05,0,1
2518,273,9.563e-05,0,1
2519,275,9.563e-05,0,1
2520,287,9.563e-05,0,1
2521,288,9.563e-05,0,1
2522,289,9.563e-05,0,1
2523,3021,9.563e-05,1,1
2524,2932,9.563e-05,1,1
2525,2927,9.563e-05,0,1
2526,2930,9.563e-05,0,1
2527,2939,9.563e-05,1,1
2528,397,9.505e-05,5,3
2529,2879,9.492e-05,9,5
2530,48,9.486e-05,13,7
2531,156,9.426e-05,0,1
2532,217,9.366e-05,0,1
2533,2745,9.366e-05,1,1
2534,2752,9.366e-05,1,1
2535,2759,9.366e-05,0,1
2536,2762,9.366e-05,0,1
2537,2763,9.366e-05,0,1
2538,2867,9.353e-05,20,10
2539,252,9.290e-05,0,1
2540,30,9.281e-05,11,5
2541,269,9.150e-05,0,1
2542,2949,9.137e-05,1,3
2543,65,9.112e-05,6,3
2544,13,9.000e-05,0,1
2545,391,9.000e-05,4,1
2546,238,9.000e-05,0,1
2547,2821,9.000e-05,0,1
2548,2868,8.990e-05,21,9
2549,49,8.944e-05,14,6
2550,147,8.929e-05,0,1
2551,388,8.929e-05,0,1
2552,276,8.821e-05,0,1
2553,3009,8.785e-05,0,2
2554,253,8.751e-05,0,1
2555,2880,8.749e-05,10,4
2556,421,8.743e-05,4,1
2557,164,8.743e-05,0,1
2558,9,8.701e-05,7,3
2559,31,8.667e-05,12,4
2560,2869,8.655e-05,22,8
2561,149,8.623e-05,0,1
2562,150,8.621e-05,0,1
2563,81,8.612e-05,0,1
2564,105,8.612e-05,0,1
2565,124,8.612e-05,0,1
2566,136,8.612e-05,0,1
2567,162,8.612e-05,0,1
2568,236,8.612e-05,0,1
2569,246,8.612e-05,0,1
2570,2885,8.612e-05,2,1
2571,2886,8.612e-05,2,1
2572,272,8.612e-05,0,1
2573,274,8.612e-05,0,1
2574,285,8.612e-05,0,1
2575,286,8.612e-05,0,1
2576,345,8.612e-05,0,1
2577,417,8.612e-05,2,1
2578,3027,8.612e-05,2,1
2579,163,8.569e-05,0,1
2580,50,8.464e-05,15,5
2581,2961,8.387e-05,2,2
2582,254,8.368e-05,0,1
2583,2893,8.347e-05,23,7
2584,398,8.325e-05,6,2
2585,2915,8.285e-05,0,1
2586,2917,8.285e-05,0,1
2587,360,8.262e-05,2,1
2588,148,8.262e-05,0,1
2589,2955,8.203e-05,0,2
2590,56,8.171e-05,14,3
2591,2995,8.137e-05,3,1
2592,3011,8.131e-05,0,2
2593,66,8.125e-05,7,2
2594,2922,8.125e-05,7,2
2595,2881,8.121e-05,11,3
2596,255,8.085e-05,0,1
2597,2894,8.061e-05,24,6
2598,51,8.037e-05,16,4
2599,256,7.871e-05,0,1
2600,10,7.865e-05,8,2
2601,2895,7.796e-05,25,5
2602,159,7.662e-05,0,1
2603,52,7.654e-05,17,3
2604,3001,7.645e-05,0,1
2605,258,7.632e-05,0,1
2606,2882,7.584e-05,12,2
2607,259,7.576e-05,0,1
2608,2896,7.550e-05,26,4
2609,237,7.525e-05,0,1
2610,260,7.468e-05,0,1
2611,2956,7.461e-05,2,1
2612,2948,7.461e-05,0,1
2613,2960,7.461e-05,0,1
2614,2929,7.453e-05,1,1
2615,2931,7.453e-05,1,1
2616,2928,7.453e-05,0,1
2617,2933,7.453e-05,0,1
2618,2937,7.453e-05,0,1
2619,2945,7.453e-05,0,1
2620,2950,7.453e-05,0,1
2621,2952,7.453e-05,0,1
2622,2953,7.453e-05,0,1
2623,2954,7.453e-05,0,1
2624,2957,7.453e-05,0,1
2625,2958,7.453e-05,0,1
2626,3008,7.453e-05,1,1
2627,2998,7.453e-05,0,1
2628,2999,7.453e-05,0,1
2629,3000,7.453e-05,0,1
2630,3003,7.453e-05,0,1
2631,3007,7.453e-05,0,1
2632,399,7.424e-05,7,1
2633,3019,7.389e-05,3,1
2634,261,7.380e-05,0,1
2635,67,7.345e-05,8,1
2636,2923,7.345e-05,8,1
2637,2897,7.319e-05,27,3
2638,53,7.309e-05,18,2
2639,262,7.306e-05,0,1
2640,263,7.245e-05,0,1
2641,174,7.239e-05,0,1
2642,754,7.239e-05,1,1
2643,264,7.192e-05,0,1
2644,11,7.186e-05,9,1
2645,76,7.186e-05,0,1
2646,265,7.147e-05,0,1
2647,2883,7.119e-05,13,1
2648,266,7.109e-05,0,1
2649,2898,7.104e-05,28,2
2650,165,7.098e-05,0,1
2651,437,7.098e-05,1,1
2652,267,7.075e-05,0,1
2653,166,7.074e-05,0,1
2654,453,7.074e-05,1,1
2655,316,7.068e-05,15,1
2656,268,7.046e-05,0,1
2657,277,7.020e-05,0,1
2658,278,6.997e-05,0,1
2659,54,6.996e-05,19,1
2660,279,6.976e-05,0,1
2661,280,6.958e-05,0,1
2662,281,6.942e-05,0,1
2663,172,6.934e-05,0,1
2664,711,6.934e-05,1,1
2665,282,6.927e-05,0,1
2666,173,6.919e-05,0,1
2667,744,6.919e-05,1,1
2668,283,6.913e-05,0,1
2669,2899,6.901e-05,29,1
2670,284,6.901e-05,0,1
2671,170,6.882e-05,0,1
2672,634,6.882e-05,1,1
2673,168,6.872e-05,0,1
2674,549,6.872e-05,1,1
2675,181,6.835e-05,0,1
2676,1136,6.835e-05,1,1
2677,438,6.831e-05,15,1
2678,454,6.831e-05,16,1
2679,510,6.831e-05,54,1
2680,550,6.831e-05,36,1
2681,602,6.831e-05,52,1
2682,635,6.831e-05,34,1
2683,686,6.831e-05,52,1
2684,712,6.831e-05,26,1
2685,745,6.831e-05,28,1
2686,755,6.831e-05,11,1
2687,812,6.831e-05,57,1
2688,863,6.831e-05,52,1
2689,931,6.831e-05,60,1
2690,985,6.831e-05,53,1
2691,1038,6.831e-05,54,1
2692,1089,6.831e-05,52,1
2693,1137,6.831e-05,47,1
2694,1188,6.831e-05,52,1
2695,1240,6.831e-05,53,1
2696,1347,6.831e-05,55,1
2697,1398,6.831e-05,52,1
2698,1452,6.831e-05,55,1
2699,1504,6.831e-05,53,1
2700,1575,6.831e-05,71,1
2701,1631,6.831e-05,56,1
2702,1682,6.831e-05,52,1
2703,1733,6.831e-05,52,1
2704,1785,6.831e-05,52,1
2705,1849,6.831e-05,65,1
2706,1906,6.831e-05,58,1
2707,1957,6.831e-05,52,1
2708,2008,6.831e-05,51,1
2709,2059,6.831e-05,52,1
2710,2111,6.831e-05,52,1
2711,2162,6.831e-05,52,1
2712,2213,6.831e-05,51,1
2713,2264,6.831e-05,51,1
2714,2315,6.831e-05,52,1
2715,2372,6.831e-05,57,1
2716,2423,6.831e-05,51,1
2717,2475,6.831e-05,52,1
2718,2525,6.831e-05,51,1
2719,2576,6.831e-05,51,1
2720,2627,6.831e-05,51,1
2721,2678,6.831e-05,52,1
2722,2731,6.831e-05,54,1
2723,235,6.831e-05,0,1
2724,423,6.831e-05,0,1
2725,424,6.831e-05,0,1
2726,439,6.831e-05,0,1
2727,455,6.831e-05,0,1
2728,456,6.831e-05,0,1
2729,457,6.831e-05,0,1
2730,511,6.831e-05,0,1
2731,512,6.831e-05,0,1
2732,513,6.831e-05,0,1
2733,514,6.831e-05,0,1
2734,515,6.831e-05,0,1
2735,551,6.831e-05,0,1
2736,687,6.831e-05,0,1
2737,713,6.831e-05,0,1
2738,714,6.831e-05,0,1
2739,716,6.831e-05,1,1
2740,717,6.831e-05,0,1
2741,718,6.831e-05,0,1
2742,756,6.831e-05,0,1
2743,864,6.831e-05,0,1
2744,865,6.831e-05,0,1
2745,866,6.831e-05,0,1
2746,867,6.831e-05,0,1
2747,868,6.831e-05,0,1
2748,869,6.831e-05,0,1
2749,870,6.831e-05,0,1
2750,871,6.831e-05,0,1
2751,872,6.831e-05,0,1
2752,932,6.831e-05,0,1
2753,933,6.831e-05,0,1
2754,1090,6.831e-05,0,1
2755,1091,6.831e-05,0,1
2756,1292,6.831e-05,51,1
2757,2817,6.831e-05,0,1
2758,196,6.825e-05,0,1
2759,200,6.825e-05,0,1
2760,201,6.825e-05,0,1
2761,204,6.825e-05,0,1
2762,206,6.825e-05,0,1
2763,207,6.825e-05,0,1
2764,208,6.825e-05,0,1
2765,1291,6.825e-05,1,1
2766,2007,6.825e-05,1,1
2767,2212,6.825e-05,1,1
2768,2263,6.825e-05,1,1
2769,2422,6.825e-05,1,1
2770,2523,6.825e-05,1,1
2771,2524,6.825e-05,0,1
2772,2575,6.825e-05,1,1
2773,2626,6.825e-05,1,1
2774,169,6.823e-05,0,1
2775,171,6.823e-05,0,1
2776,176,6.823e-05,0,1
2777,180,6.823e-05,0,1
2778,182,6.823e-05,0,1
2779,185,6.823e-05,0,1
2780,190,6.823e-05,0,1
2781,191,6.823e-05,0,1
2782,192,6.823e-05,0,1
2783,195,6.823e-05,0,1
2784,197,6.823e-05,0,1
2785,198,6.823e-05,0,1
2786,199,6.823e-05,0,1
2787,202,6.823e-05,0,1
2788,205,6.823e-05,0,1
2789,209,6.823e-05,0,1
2790,601,6.823e-05,1,1
2791,685,6.823e-05,1,1
2792,862,6.823e-05,1,1
2793,1088,6.823e-05,1,1
2794,1187,6.823e-05,1,1
2795,1397,6.823e-05,1,1
2796,1681,6.823e-05,1,1
2797,1732,6.823e-05,1,1
2798,1784,6.823e-05,1,1
2799,1956,6.823e-05,1,1
2800,2058,6.823e-05,1,1
2801,2110,6.823e-05,1,1
2802,2161,6.823e-05,1,1
2803,2314,6.823e-05,1,1
2804,2474,6.823e-05,1,1
2805,2677,6.823e-05,1,1
2806,178,6.821e-05,0,1
2807,183,6.821e-05,0,1
2808,187,6.821e-05,0,1
2809,984,6.821e-05,1,1
2810,1239,6.821e-05,1,1
2811,1503,6.821e-05,1,1
2812,167,6.819e-05,0,1
2813,179,6.819e-05,0,1
2814,210,6.819e-05,0,1
2815,509,6.819e-05,1,1
2816,1037,6.819e-05,1,1
2817,2730,6.819e-05,1,1
2818,184,6.817e-05,0,1
2819,186,6.817e-05,0,1
2820,1339,6.817e-05,1,1
2821,1346,6.817e-05,1,1
2822,1451,6.817e-05,1,1
2823,189,6.815e-05,0,1
2824,1630,6.815e-05,1,1
2825,175,6.813e-05,0,1
2826,203,6.813e-05,0,1
2827,811,6.813e-05,1,1
2828,2371,6.813e-05,1,1
2829,194,6.811e-05,0,1
2830,1905,6.811e-05,1,1
2831,177,6.808e-05,0,1
2832,930,6.808e-05,1,1
2833,193,6.800e-05,0,1
2834,1848,6.800e-05,1,1
2835,188,6.793e-05,0,1
2836,1574,6.793e-05,1,1
2837,305,6.711e-05,12,0
2838,68,6.711e-05,2,0
2839,32,6.711e-05,1,0
2840,33,6.711e-05,1,0
2841,34,6.711e-05,1,0
2842,306,6.711e-05,1,0
2843,310,6.711e-05,1,0
2844,313,6.711e-05,1,0
2845,2824,6.711e-05,2,0
2846,317,6.711e-05,16,0
2847,55,6.711e-05,20,0
2848,320,6.711e-05,9,0
2849,311,6.711e-05,2,0
2850,312,6.711e-05,3,0
2851,323,6.711e-05,2,0
2852,343,6.711e-05,2,0
2853,344,6.711e-05,2,0
2854,346,6.711e-05,3,0
2855,347,6.711e-05,2,0
2856,348,6.711e-05,2,0
2857,349,6.711e-05,2,0
2858,350,6.711e-05,2,0
2859,351,6.711e-05,2,0
2860,352,6.711e-05,2,0
2861,353,6.711e-05,2,0
2862,354,6.711e-05,2,0
2863,355,6.711e-05,2,0
2864,356,6.711e-05,2,0
2865,357,6.711e-05,2,0
2866,358,6.711e-05,2,0
2867,359,6.711e-05,2,0
2868,361,6.711e-05,2,0
2869,362,6.711e-05,2,0
2870,363,6.711e-05,2,0
2871,364,6.711e-05,2,0
2872,365,6.711e-05,3,0
2873,366,6.711e-05,2,0
2874,367,6.711e-05,2,0
2875,368,6.711e-05,2,0
2876,369,6.711e-05,2,0
2877,370,6.711e-05,2,0
2878,371,6.711e-05,2,0
2879,372,6.711e-05,2,0
2880,373,6.711e-05,2,0
2881,374,6.711e-05,2,0
2882,375,6.711e-05,2,0
2883,376,6.711e-05,2,0
2884,377,6.711e-05,3,0
2885,378,6.711e-05,2,0
2886,379,6.711e-05,2,0
2887,380,6.711e-05,2,0
2888,381,6.711e-05,2,0
2889,382,6.711e-05,2,0
2890,383,6.711e-05,2,0
2891,384,6.711e-05,2,0
2892,385,6.711e-05,2,0
2893,386,6.711e-05,2,0
2894,387,6.711e-05,2,0
2895,413,6.711e-05,2,0
2896,414,6.711e-05,6,0
2897,419,6.711e-05,2,0
2898,420,6.711e-05,3,0
2899,2819,6.711e-05,3,0
2900,2847,6.711e-05,3,0
2901,2858,6.711e-05,2,0
2902,2887,6.711e-05,3,0
2903,2888,6.711e-05,2,0
2904,2889,6.711e-05,3,0
2905,2890,6.711e-05,2,0
2906,2900,6.711e-05,30,0
2907,2901,6.711e-05,3,0
2908,2902,6.711e-05,3,0
2909,2903,6.711e-05,2,0
2910,2904,6.711e-05,2,0
2911,2906,6.711e-05,2,0
2912,292,6.711e-05,1,0
2913,321,6.711e-05,1,0
2914,2905,6.711e-05,2,0
2915,296,6.711e-05,1,0
2916,297,6.711e-05,1,0
2917,298,6.711e-05,1,0
2918,299,6.711e-05,1,0
2919,300,6.711e-05,1,0
2920,301,6.711e-05,1,0
2921,302,6.711e-05,1,0
2922,401,6.711e-05,1,0
2923,332,6.711e-05,1,0
2924,400,6.711e-05,8,0
2925,411,6.711e-05,4,0
2926,418,6.711e-05,3,0
2927,2814,6.711e-05,2,0
2928,2734,6.711e-05,1,0
2929,2736,6.711e-05,1,0
2930,2737,6.711e-05,1,0
2931,2738,6.711e-05,1,0
2932,2739,6.711e-05,1,0
2933,2754,6.711e-05,1,0
2934,2756,6.711e-05,1,0
2935,2758,6.711e-05,1,0
2936,2761,6.711e-05,1,0
2937,2769,6.711e-05,1,0
2938,2770,6.711e-05,1,0
2939,2781,6.711e-05,1,0
2940,2790,6.711e-05,1,0
2941,2766,6.711e-05,1,0
2942,2768,6.711e-05,1,0
2943,2772,6.711e-05,1,0
2944,2774,6.711e-05,1,0
2945,2776,6.711e-05,1,0
2946,2778,6.711e-05,1,0
2947,2780,6.711e-05,1,0
2948,2783,6.711e-05,1,0
2949,2785,6.711e-05,1,0
2950,2787,6.711e-05,1,0
2951,2789,6.711e-05,1,0
2952,2792,6.711e-05,1,0
2953,2795,6.711e-05,1,0
2954,2800,6.711e-05,1,0
2955,2804,6.711e-05,1,0
2956,2805,6.711e-05,1,0
2957,2808,6.711e-05,1,0
2958,2809,6.711e-05,1,0
2959,2810,6.711e-05,1,0
2960,2811,6.711e-05,1,0
2961,2812,6.711e-05,1,0
2962,2813,6.711e-05,1,0
2963,2815,6.711e-05,1,0
2964,2816,6.711e-05,1,0
2965,2803,6.711e-05,1,0
2966,2807,6.711e-05,1,0
2967,2823,6.711e-05,1,0
2968,2825,6.711e-05,1,0
2969,2826,6.711e-05,1,0
2970,2827,6.711e-05,1,0
2971,2828,6.711e-05,1,0
2972,2835,6.711e-05,1,0
2973,2836,6.711e-05,1,0
2974,2837,6.711e-05,1,0
2975,2840,6.711e-05,1,0
2976,2841,6.711e-05,1,0
2977,2839,6.711e-05,1,0
2978,2884,6.711e-05,14,0
2979,2892,6.711e-05,1,0
2980,3022,6.711e-05,2,0
2981,3028,6.711e-05,3,0
2982,3030,6.711e-05,1,0
2983,2934,6.711e-05,1,0
2984,2935,6.711e-05,1,0
2985,2947,6.711e-05,1,0
2986,2910,6.711e-05,1,0
2987,2925,6.711e-05,9,0
2988,2914,6.711e-05,1,0
2989,2919,6.711e-05,1,0
2990,2924,6.711e-05,1,0
2991,3020,6.711e-05,2,0
2992,3012,6.711e-05,2,0
2993,2943,6.711e-05,2,0
2994,2944,6.711e-05,3,0
2995,2962,6.711e-05,1,0
2996,3025,6.711e-05,2,0
2997,2966,6.711e-05,1,0
2998,2967,6.711e-05,1,0
2999,2968,6.711e-05,1,0
3000,2969,6.711e-05,1,0
3001,2970,6.711e-05,1,0
3002,2971,6.711e-05,1,0
3003,2972,6.711e-05,1,0
3004,2973,6.711e-05,1,0
3005,2974,6.711e-05,1,0
3006,2975,6.711e-05,1,0
3007,2976,6.711e-05,1,0
3008,2977,6.711e-05,1,0
3009,2978,6.711e-05,1,0
3010,2979,6.711e-05,1,0
3011,2980,6.711e-05,1,0
3012,2981,6.711e-05,1,0
3013,2982,6.711e-05,1,0
3014,2983,6.711e-05,1,0
3015,2984,6.711e-05,1,0
3016,2985,6.711e-05,1,0
3017,2986,6.711e-05,1,0
3018,2987,6.711e-05,1,0
3019,2988,6.711e-05,1,0
3020,2989,6.711e-05,1,0
3021,2990,6.711e-05,1,0
3022,2996,6.711e-05,4,0
3023,2993,6.711e-05,1,0
3024,2994,6.711e-05,1,0
3025,3002,6.711e-05,1,0
3026,3006,6.711e-05,1,0
3027,3023,6.711e-05,1,0
3028,3024,6.711e-05,2,0
3029,3031,6.711e-05,1,0
3030,3029,6.711e-05,1,0
3031,3018,6.711e-05,1,0
